column,null_pct,inf_count,std,abs_p99,max_abs,flag
alpha_001,0.3150,0,0.26949138364696773,0.4689695550351288,0.49981252343457067,
alpha_002,0.0937,0,0.45933027822649836,0.9489184337152923,0.9999249227699971,
alpha_003,0.1209,28,0.4224618691481185,0.9124746046795765,0.9999252421336405,INF_FEW
alpha_004,0.1073,0,2.9798401189644688,9.0,9.0,
alpha_005,0.1209,0,0.2234047880613288,0.9356523181387306,1.0,
alpha_006,0.1209,0,0.4346499401363964,0.9341669900681773,0.9992758559416294,
alpha_007,0.2561,0,0.5303055974778909,1.0,1.0,
alpha_008,0.2035,0,0.2886751294943123,0.9900841908325538,1.0,
alpha_009,0.0131,0,111.14953244034139,20.241975150000048,79172.87548500001,
alpha_010,0.0131,0,0.2886704338476369,0.9900894583331574,1.0,
alpha_011,0.0397,0,0.33079567959656003,1.4420658412746556,1.9990636002618005,
alpha_012,0.0131,0,111.1460157893352,20.241975150000048,79172.87548500001,
alpha_013,0.0531,0,0.288675129507948,0.9900878997568731,1.0,
alpha_014,0.1209,0,0.2607684158217505,0.7862688519279379,0.9992758559416294,
alpha_016,0.0531,0,0.2886751295077668,0.9900878997568731,1.0,
alpha_017,0.2596,0,0.18448401421617694,0.7820746876673249,0.9853653766346789,
alpha_018,0.1209,0,0.2886751295042159,0.9900860456416012,1.0,
alpha_019,6.9256,0,1.5207711158476365,1.9900076863950806,2.0,
alpha_020,0.0131,0,0.19197254812082326,0.9132989964997217,1.0,
alpha_021,0.0000,0,0.9795465880873783,1.0,1.0,
alpha_022,0.2596,231,0.37556541434052465,1.2835455240659732,1.9638972915036095,INF_HEAVY
alpha_023,0.0000,0,101.98303453142879,20.155539219999763,70136.72352000001,
alpha_024,0.0397,0,376.49851782143446,125.12261400000098,122338.20312800002,HUGE_TAIL
alpha_025,0.2596,0,0.28854760616429903,0.9900749063670412,1.0,
alpha_026,0.1346,156,0.4010755039320293,1.000000000000001,1.0000000000002582,INF_HEAVY
alpha_027,0.0000,0,0.9999996946615359,1.0,1.0,
alpha_028,0.3162,0,0.0019717729471856573,0.0010230031087485188,0.5590971331755314,
alpha_029,100.0000,0,nan,nan,nan,100% null
alpha_030,0.2596,0,0.08414295527321128,0.40070979191936507,0.9731398231943547,
alpha_031,100.0000,0,nan,nan,nan,100% null
alpha_032,6.4164,0,0.0026128335013771704,0.006345234619776644,0.6092804412091426,
alpha_033,0.0000,0,0.28867015028469367,0.9900860456416012,1.0,
alpha_034,0.0131,0,0.288675124728346,0.9900897531787585,1.0,
alpha_035,0.4309,0,0.16627042117000898,0.8129032258064516,1.0,
alpha_036,5.3249,0,0.7951186394593389,4.304595528147909,5.197031959636983,
alpha_037,5.3556,0,0.4082223176223552,1.8595930752822687,1.9983707493255607,
alpha_038,0.1209,0,0.26579353755215335,0.9291854769590241,0.9966298445983898,
alpha_039,6.9256,0,0.4857668369092826,1.8902272371386246,2.0,
alpha_040,0.1209,2,0.2909346391492518,0.8797636977459719,0.9970622938362281,INF_FEW
alpha_041,0.0000,0,8.34957457399141,3.257303340005533,7615.242487052441,
alpha_042,0.0000,0,51.36084840719015,47.16810861423137,5317.5,
alpha_043,0.2596,0,0.25194390565587194,0.9473684210526315,1.0,
alpha_044,0.0531,127,0.5173369047346962,0.989982426519926,1.2665325979501936,INF_HEAVY
alpha_045,0.6192,48514,0.33059908044050695,0.8600408371391538,78.76172250462261,INF_HEAVY
alpha_046,0.0131,0,1.6952796323371864,2.1961874000000017,1307.2331999999988,
alpha_047,0.2596,0,0.3674521709752095,0.9869985827000008,24.351810474046474,
alpha_048,6.9578,0,0.6135742057793739,0.06301674952891262,1152.5277247571398,
alpha_049,0.0131,0,47.409504914231924,11.838452400000003,52479.60852,
alpha_050,0.1238,0,0.22243533793969686,0.9978110178766874,1.0,
alpha_051,0.0131,0,47.408540028014315,11.763145899999913,52479.60852,
alpha_052,6.6061,0,116.18874917882374,15.376152120942516,81168.09923766344,
alpha_053,0.1209,0,134351.69563356502,30682.278461538477,91142733.69168302,HUGE_TAIL
alpha_054,0.0000,0,0.26724851197719546,0.950927730204659,26.270270270270267,
alpha_055,0.2175,3,0.49719217214948636,0.9703581489467842,0.9999466353897714,INF_FEW
alpha_056,9.2121,0,0.22437603772854295,0.868361182145506,0.9996312684365781,
alpha_057,0.4165,0,126.63880784416565,30.007437000564845,122146.42655158875,
alpha_058,0.1346,0,0.41149615442675774,1.0,1.0,
alpha_059,0.2456,0,0.40224298310245665,1.0,1.0,
alpha_060,0.3396,0,0.00023114321752775902,0.0006584561630499205,0.0008069133439034366,
alpha_061,5.2317,0,0.49999392247043734,1.0,1.0,
alpha_062,0.7709,0,0.4999999717998535,1.0,1.0,
alpha_063,6.5743,0,0.40394722727104276,0.8972263884011203,0.9996152848422893,
alpha_064,3.7358,0,0.49996769851429385,1.0,1.0,
alpha_065,0.0000,0,0.9999159158143409,1.0,1.0,
alpha_066,0.1346,0,0.47540997152625,1.9586206896551723,2.0,
alpha_067,0.9564,0,0.2248713873871453,0.9981222582949573,1.0,
alpha_068,0.0000,0,0.9999627057835627,1.0,1.0,
alpha_069,0.3162,0,0.27900612856333756,1.0,1.0,
alpha_070,1.2750,0,0.2844170351191814,1.0,1.0,
alpha_071,0.2035,0,0.3285637889422625,1.0,1.0,
alpha_072,1.3449,0,25.83550418403025,39.904260389675876,5271.779796107507,
alpha_074,0.0000,0,0.49999586246243216,1.0,1.0,
alpha_075,1.1083,0,0.49998505704009294,1.0,1.0,
alpha_076,0.1621,0,0.2797434663270636,1.0,1.0,
alpha_077,0.2596,0,0.23488632869002699,0.9011606140022463,1.0,
alpha_078,1.2224,0,0.26056391671088,0.9985733022239808,1.0,
alpha_079,10.2032,0,0.4999917166267515,1.0,1.0,
alpha_080,0.2456,0,0.25460773145016896,1.0,1.0,
alpha_081,0.0000,0,0.49994272074624396,1.0,1.0,
alpha_082,0.2035,0,0.29065211690366266,0.9716868885910334,1.0,
alpha_083,0.0801,3738,100.61610497808084,53.59375269837395,31539.041291878475,INF_HEAVY
alpha_084,0.2738,0,0.34590250893065194,1.0,1.0,
alpha_085,0.7107,0,0.2507410952384986,0.9983114794694993,1.0,
alpha_086,0.5336,0,0.4999987083544665,1.0,1.0,
alpha_087,0.0531,0,0.26785865024805106,1.0,1.0,
alpha_088,0.0937,0,0.2897681303383803,0.9717450910087058,1.0,
alpha_089,0.3447,0,0.5623637305564043,1.0,1.0,
alpha_090,0.6081,0,0.3018135341239454,1.0,1.0,
alpha_091,0.4748,0,0.5414146913119061,0.9864084900390989,1.0,
alpha_092,0.2456,0,0.3122942250406672,1.0,1.0,
alpha_093,2.7577,0,59.42760851651389,41.314167217647594,5479.0,
alpha_094,1.5745,0,0.2999866592272667,1.0,1.0,
alpha_095,0.0000,0,0.4999411551528576,1.0,1.0,
alpha_096,0.0937,0,0.3429867436249943,1.0,1.0,
alpha_097,1.6346,0,0.5170243543947073,0.9845565292924682,1.0,
alpha_098,0.7744,0,0.4247027095968133,0.9125731064308279,0.9995309741939922,
alpha_099,0.0000,0,0.4999992380007762,1.0,1.0,
alpha_100,0.6206,0,0.0005409270600012964,0.001954647735789124,0.02323859621414792,
alpha_101,0.0000,0,0.5312082440780825,0.9940536449720748,0.9999998528295628,
alpha_custom_argmax_recent,0.2596,0,0.28288053980914957,0.9720982142857143,0.9998126639190709,
alpha_custom_argmin_recent,0.2596,0,0.27377147156535425,0.9777250319517984,0.9999063845721775,
alpha_custom_decaylinear_mom,0.1346,0,0.288675129501163,0.9900860456416012,1.0,
alpha_custom_kurt_filter,0.2738,0,0.28867512948906376,0.9900841908325538,1.0,
alpha_custom_skew_reversal,0.2738,0,0.28867512948906376,0.9900841908325538,1.0,
alpha_custom_zscore_5d,0.0531,18,1.031145349181365,1.756631485107954,1.7888601424238104,INF_FEW
gtja_001,0.0801,0,0.4806993287528604,0.9632703975466422,0.9998297879693598,
gtja_002,0.0131,0,0.8752969077936487,1.8860404900592378,2.0,
gtja_003,0.0666,0,246.24459262175952,72.20919959999999,87371.69281,
gtja_004,0.0000,0,0.9795465880873783,1.0,1.0,
gtja_005,0.1346,108787,561395.2785742253,1.0000000000000029,616434277.5668668,INF_HEAVY
gtja_006,0.0531,0,0.2205761342545321,0.9139328444615978,0.991701244813278,
gtja_007,0.0397,0,0.33079567959656003,1.4420658412746556,1.9990636002618005,
gtja_008,0.0531,0,0.28867512950931873,0.9900878997568731,1.0,
gtja_009,0.0131,0,0.07377044454949208,2.2323657544437308e-05,80.7921416197053,
gtja_010,0.0000,0,0.257415702287017,0.9900897531787585,1.0,
gtja_011,0.0666,0,73599063.79840335,260760552.19335353,10667088283.643953,HUGE_TAIL
gtja_012,0.1209,0,0.2481157219177376,0.958116433971489,1.0,
gtja_013,0.0000,0,8.34957457399141,3.257303340005533,7615.242487052441,
gtja_014,0.0666,0,226.6076989129438,58.01854808000023,82714.96549,
gtja_015,0.0131,0,6.570551073573888,0.07407407407407396,10054.64,
gtja_016,0.1238,0,0.22243533793969686,0.9978110178766874,1.0,
gtja_017,0.1897,7647,inf,9.25609366080919e+37,1.4056921872142431e+308,INF_HEAVY
gtja_018,0.0666,0,12.697144064100286,1.3042345891097666,10007.755999999998,
gtja_019,0.0801,0,0.10668438603954995,0.5228514223387791,0.9999105727560127,
gtja_020,0.0801,0,1269.0052981588105,62.75345392049437,1024068.8325640138,
gtja_021,0.1346,0,32.24856168564981,9.30198558154048,13643.954743125609,
gtja_022,0.1073,0,0.01735059596101439,0.06279316471155733,0.9321488142161526,
gtja_023,0.2465,0,8.963176021218874,69.28905088899612,100.0,
gtja_024,0.0666,0,119.49607156171973,37.26209645123335,55157.22483394555,
gtja_025,3.8268,0,0.4244590063026874,1.6978379538891302,1.9969886030796327,
gtja_026,5.4799,0,172.22992881475187,50.71350725443805,75456.71339278363,
gtja_027,0.0801,0,862.3091588758648,71.89838800630186,464234.8999628229,
gtja_028,0.1073,0,35.487841506617784,113.66116790433581,130.6365225081121,HUGE_TAIL
gtja_029,0.0801,0,229.76881570900076,10.336015517857355,183706.53148156742,
gtja_030,0.0000,0,nan,nan,nan,all-inf
gtja_031,0.1483,0,9.694864082597764,46.33657304590228,163.29102641455822,
gtja_032,0.0778,0,0.6163918257301834,2.7397856172325996,3.0000000000000004,
gtja_033,14.9758,0,103.56907569096671,15.538085866428762,54637.32494150942,
gtja_034,0.1483,0,16.389631548034927,1.599434876491922,9146.504751950499,
gtja_035,0.0131,0,0.24444749408602248,0.9214031138623148,1.0,
gtja_036,0.0875,0,0.28867512950761126,0.9900860456416012,1.0,
gtja_037,0.2035,0,0.2886751294943123,0.9900841908325538,1.0,
gtja_038,0.0000,0,101.98303514703909,20.155539219999763,70136.72352000001,
gtja_039,6.5743,0,0.40134757454110787,0.8966072635179516,0.9996152848422893,
gtja_040,0.3447,3,85.78622195774295,353.6217683785308,27648.47635677472,HUGE_TAIL
gtja_041,0.0937,0,0.28867512950527074,0.9900872101937463,1.0,
gtja_042,0.1209,2,0.2909346391492518,0.8797636977459719,0.9970622938362281,INF_FEW
gtja_043,0.0666,0,139737356.1298163,500055024.280001,19044325233.0,HUGE_TAIL
gtja_044,0.2738,0,0.5051274961115386,2.0,2.0,
gtja_045,4.2211,0,0.35820672079914917,0.8769562597229853,0.9949343817280556,
gtja_046,0.3162,0,13.208064066334742,1.7379576627613744,8519.983455555555,
gtja_047,0.0666,0,13.088917221041756,80.87776110213493,100.0,
gtja_048,0.2596,0,0.09248466801378634,0.43224244686556085,0.9816372205918867,
gtja_049,0.1483,0,0.2017916609657957,0.943119266055045,1.000000000000001,
gtja_050,0.1483,0,0.4045030627954525,0.9162303577056411,0.999999999992327,
gtja_051,0.1483,0,0.2022515318898218,0.9166666286359065,0.999999999992327,
gtja_052,0.3447,0,47.9719515840148,255.1768455671949,3126.7326732673455,HUGE_TAIL
gtja_053,0.1621,0,13.938881727420588,83.33333333333333,100.0,
gtja_054,0.1209,0,0.2886751295041915,0.9900860456416012,1.0,
gtja_055,0.2738,0,5833.506971110271,2404.3990531436993,1391617.9658261165,HUGE_TAIL
gtja_056,1.3645,0,0.4999932172701673,1.0,1.0,
gtja_057,0.1073,0,22.94891925380541,89.0840693279643,100.0,
gtja_058,0.2738,0,11.869508234982014,75.0,100.0,
gtja_059,0.2596,0,373.3305017202066,131.90642059277317,95704.02877107836,HUGE_TAIL
gtja_060,0.2596,0,123095755.4889949,449320411.2233795,12121430791.961607,HUGE_TAIL
gtja_061,0.1621,0,0.24266540381718588,0.9949485500467727,1.0,
gtja_062,11.3417,133,0.5157403755658433,0.9891812570693598,0.9999929250565822,INF_HEAVY
gtja_063,0.0131,0,20.166461768703776,91.9476208184603,99.99137109389895,
gtja_064,0.0913,0,0.28867512949963675,0.9900876169431883,1.0,
gtja_065,0.0666,0,11.82351856478365,1.1833333333333333,8692.7088,
gtja_066,0.0666,0,8.395810149676274,30.952937555314595,223.72053029172054,
gtja_067,0.0131,0,10.240457552122296,72.6279511943878,98.51078685619034,
gtja_068,0.0131,0,0.04665684278016355,1.5727448947082076e-05,37.53025268542277,
gtja_069,0.2596,0,0.42320890215089624,0.9259259259259256,1.0,
gtja_070,0.0666,0,218940086.1045006,909572896.4382788,28565341216.81716,HUGE_TAIL
gtja_071,0.3162,0,12.97913799325349,67.05962962933265,289.8369304215771,
gtja_072,0.0666,0,10.244451759636986,76.17926448339014,100.0,
gtja_073,0.4748,0,0.49110595646019933,1.983236923469429,2.0,
gtja_074,1.2224,0,0.4078051480557662,1.8452735368322548,1.9992471296819123,
gtja_075,0.8000,0,0.0691515341185114,0.2916666666666667,0.8823529411764706,
gtja_076,0.2738,0,0.5358361481731461,3.6578812362449726,4.471999716477561,
gtja_077,0.2596,0,0.23488632868949152,0.9011606140022463,1.0,
gtja_078,0.3021,0,85.8389943485281,238.52264142652106,772.8543066573072,HUGE_TAIL
gtja_079,0.0131,0,13.647231028638743,80.47923597706256,99.63859820966245,
gtja_080,0.0666,0,31677.804212576277,548.9974207822873,59147466.0,HUGE_TAIL
gtja_081,0.0000,0,40757779.69645503,172203316.10915372,2065868775.7841277,HUGE_TAIL
gtja_082,0.0666,0,8.911406234442179,73.72961267745222,100.0,
gtja_083,0.0531,0,0.2886751295077668,0.9900878997568731,1.0,
gtja_084,0.2596,0,220181427.23642543,809470016.7999909,17433118502.0,HUGE_TAIL
gtja_085,0.2596,0,0.23867081476689625,0.9500000000000001,1.0,
gtja_086,0.0131,0,1.6952796323371864,2.1961874000000017,1307.2331999999988,
gtja_087,0.1346,0,0.44671687709530034,1.964807374848611,2.0,
gtja_088,0.2738,0,1320.1390190599006,88.03380234673753,991166.8815165877,
gtja_089,0.0000,0,55.20760671452362,19.15283515733511,21330.78699723825,
gtja_090,0.0667,0,0.2886751295094473,0.9900860456416012,1.0,
gtja_091,0.6109,0,0.21926731738060853,0.8506271689810342,0.9952475352551788,
gtja_092,0.0531,0,0.26206817796155574,1.0,1.0,
gtja_093,0.2596,0,194.52386339253786,125.48148799999996,26461.367052999987,HUGE_TAIL
gtja_094,0.4021,0,272895472.4209345,1012049500.6000019,25717689281.0,HUGE_TAIL
gtja_095,0.2596,0,266954881.17008486,1163656687.092102,22995524387.560894,HUGE_TAIL
gtja_096,0.1073,0,20.118657000399295,85.15673889949747,100.0,
gtja_097,0.1209,0,19596152.9848718,77445871.03685333,1722870271.836597,HUGE_TAIL
gtja_098,0.0397,0,376.4985176868257,125.12261400000098,122338.20312800002,HUGE_TAIL
gtja_099,0.0531,0,0.288675129507948,0.9900878997568731,1.0,
gtja_100,0.2596,0,21899746.177950896,89083423.06477596,1425037442.2155795,HUGE_TAIL
gtja_101,1.6728,0,0.4999578682744313,1.0,1.0,
gtja_102,0.0131,0,11.695400278701015,86.51108238387407,100.0,
gtja_103,0.2596,0,34.33197380690058,95.0,95.0,
gtja_104,0.2596,231,0.37556541434052465,1.2835455240659732,1.9638972915036095,INF_HEAVY
gtja_105,0.1209,28,0.4224618691481185,0.9124746046795765,0.9999252421336405,INF_FEW
gtja_106,0.2738,0,351.7935673502376,120.05287999999973,92661.52431000001,HUGE_TAIL
gtja_107,0.0131,0,0.19197254812082326,0.9132989964997217,1.0,
gtja_108,3.0335,0,0.2237310338939824,0.9977918888970468,1.0,
gtja_109,0.0000,0,0.15777351917656307,1.5113315360723596,4.307388071135544,
gtja_110,0.2596,0,50.91885840937486,266.6666666666666,5937.142857142863,HUGE_TAIL
gtja_111,0.0000,0,9801292.944396233,35113731.93246546,1313359758.509849,HUGE_TAIL
gtja_112,0.1483,0,36.78408603246637,89.8263765858531,100.00000000000054,
gtja_113,0.5336,0,0.15580652600274517,0.5884719577040496,0.9720137499919078,
gtja_114,0.0801,9331,100.6161202524196,53.59375231255595,31539.041291082285,INF_HEAVY
gtja_115,0.8283,0,0.2506324517233466,0.9983177087115078,1.0,
gtja_116,0.2596,0,18.433256856096936,6.408410056840932,6232.139256296301,
gtja_117,0.4309,0,0.15178184211580287,0.7415771484375,0.908203125,
gtja_118,0.2596,80,52.48825810179426,263.7995370919888,27600.000000001022,HUGE_TAIL
gtja_119,0.7709,0,0.3999510899486368,0.8843425663328689,0.9938104612096234,
gtja_120,0.0000,0,51.36084840719015,47.16810861423137,5317.5,
gtja_121,1.5745,0,0.26424934527763755,0.9944311196844072,1.0,
gtja_122,0.0131,0,0.012093990417590164,0.016091308589524272,22.192169578838058,
gtja_123,1.8761,0,0.4999444660675653,1.0,1.0,
gtja_124,0.4165,0,17.780661726182856,8.88144825321348,8840.766133901518,
gtja_125,2.7271,0,51.60779801860735,46.71236565506629,5388.718048599518,
gtja_126,0.0000,0,965.1371739879974,771.7765450633284,113198.85251800001,HUGE_TAIL
gtja_127,0.3021,0,8.726307235489568,51.66944223503013,95.76555388940207,
gtja_128,0.1897,0,16.270547654761803,86.99797463108436,100.00000000000001,
gtja_129,0.1483,0,364.7135961694884,126.33917,95339.60867199999,HUGE_TAIL
gtja_130,0.9947,0,47.300450117924086,45.60528668718126,5453.925353925354,
gtja_131,1.2750,0,0.2757902603552787,0.9978821395518416,1.0,
gtja_132,0.2596,0,580783052.1860875,2480980998.7399964,35167533648.0,HUGE_TAIL
gtja_133,0.2596,0,58.8343059968683,95.0,95.0,
gtja_134,0.1621,0,968012358.9596522,43845374.90445506,998250571399.2982,HUGE_TAIL
gtja_135,0.2879,0,5.732784169244034,1.8951558896636287,1925.3378348454944,
gtja_136,0.1209,0,0.2607684158217505,0.7862688519279379,0.9992758559416294,
gtja_137,0.0131,0,1514.9729844391861,371.6048432599665,1110810.3899997463,HUGE_TAIL
gtja_138,1.6346,0,0.4584097985790321,0.9669793621013133,0.9998175182481752,
gtja_139,0.1209,0,0.4346499401363964,0.9341669900681773,0.9992758559416294,
gtja_140,0.0937,0,0.23787943688799082,0.9713590415574691,1.0,
gtja_141,0.3123,0,0.2886751294848877,0.9900862740096366,1.0,
gtja_142,0.2596,0,0.18448401421617694,0.7820746876673249,0.9853653766346789,
gtja_143,100.0000,0,nan,nan,nan,100% null
gtja_144,0.2738,0,0.0008912450734871035,0.0051907864799171114,0.02417541663081086,
gtja_145,0.3447,0,38.88586395095616,108.73916776573348,15442.105357959099,HUGE_TAIL
gtja_146,0.2738,0,50.35773386897698,107.95485923258906,1530.9302591302326,HUGE_TAIL
gtja_147,0.3021,0,18.73628587089245,6.506374887647495,6934.208619918647,
gtja_148,1.4547,0,0.49978744256677515,1.0,1.0,
gtja_149,6.9899,0,12.50067903916678,2.5585662754726304,1084.6408084372422,
gtja_150,0.0000,0,15717.294972573165,12965.57734527662,1761832.5831931804,HUGE_TAIL
gtja_151,0.2738,0,185.82183100355599,72.3006020065186,51218.07197575705,
gtja_152,0.5041,0,2.39726796257579,0.35038397104967156,820.4088118038443,
gtja_153,0.3162,0,954.5415525726851,777.5688035999993,86356.61690828126,HUGE_TAIL
gtja_154,5.2317,0,0.764981575377188,1.0,1.0,
gtja_155,0.0000,0,3552757.2483650222,12771004.15210868,402258572.63837457,HUGE_TAIL
gtja_156,0.0531,0,0.1841958712281497,0.995102655867395,1.0,
gtja_157,0.1346,0,0.3847278347323505,1.8355735479182538,2.0,
gtja_158,0.0000,0,0.027428729701619633,0.14354528122897503,2.2424242424242427,
gtja_159,0.3162,0,1485.4758207478035,7818.75826523264,45922.836211406335,HUGE_TAIL
gtja_160,0.2596,0,69.2277321278075,28.810758649107015,16643.204060404518,
gtja_161,0.1483,0,75.8424350359863,33.581620459999584,15513.243171666669,
gtja_162,0.1621,0,0.3703450777305461,1.0,1.0,
gtja_163,0.2596,0,0.28854760616429903,0.9900749063670412,1.0,
gtja_164,0.1483,1777,10972434070.073048,1259.474134472328,10825960642669.994,INF_HEAVY
gtja_165,3.5539,0,7186.894691740281,4307.474435525134,742138.9976098128,HUGE_TAIL
gtja_166,0.5484,0,0.021979294334578535,0.08082369793975075,1.4151712620615633,
gtja_167,0.1483,0,320.3819803935704,115.57504559999924,91816.76482,HUGE_TAIL
gtja_168,0.2596,0,0.6618799756787123,3.7444879093976917,19.917099902422194,
gtja_169,0.3733,0,5.176974527822374,2.0228129225151488,1755.9929544735503,
gtja_170,0.2596,0,0.3674521709752095,0.9869985827000008,24.351810474046474,
gtja_171,0.0000,0,108013000.71495667,18026202.759464983,77525466023.28513,HUGE_TAIL
gtja_172,0.2456,0,20.278606397344657,88.36147077948782,100.00000000000034,
gtja_173,0.0000,0,982.2206892142523,789.8215888393424,105796.08824538588,HUGE_TAIL
gtja_174,0.2596,0,55.0466475190846,25.219386490450592,11319.208546303444,
gtja_175,0.0666,0,82.42793079227138,33.912316393333725,25148.40882666667,
gtja_176,0.2175,3,0.49719217214948636,0.9703581489467842,0.9999466353897714,INF_FEW
gtja_177,0.2596,0,33.93115047049413,95.0,95.0,
gtja_178,0.0131,0,787834930.0932915,9537650.566077674,1457629364577.358,HUGE_TAIL
gtja_179,1.1083,0,0.22364592719368762,0.8705988727777142,0.9996313667638724,
gtja_180,0.2561,0,24233738.336496145,96059628.1000002,1934510472.0,HUGE_TAIL
gtja_181,0.5484,0,401423.6971889829,191428.2595221683,809719933.449143,HUGE_TAIL
gtja_182,0.2596,0,0.12490944959540354,0.9,1.0,
gtja_183,1.3645,0,10097.967433171503,1704.1286542504456,5723166.547468885,HUGE_TAIL
gtja_184,5.3556,0,0.4082223176223552,1.8595930752822687,1.9983707493255607,
gtja_185,0.0000,0,0.28867014937752977,0.9858673563643081,0.9988778754441743,
gtja_186,0.3304,0,16.867444697345313,82.14028428143983,100.0,
gtja_187,0.2596,0,648.3889793119305,263.12959999999975,124431.89594000002,HUGE_TAIL
gtja_188,0.0000,0,39.002144319111785,128.85394960401229,440.3349508290925,HUGE_TAIL
gtja_189,0.1346,0,106.70413266928199,30.47827503999961,44402.40138611112,
gtja_190,0.5336,1026,1.1796188657209192,4.28991406050232,20.06390431617634,INF_HEAVY
gtja_191,0.3162,160,21.84245595143154,8.684432860409961,13797.294186057654,INF_HEAVY
mf_net_1d,4.6307,0,57651216.0,194361776.0,12075048960.0,HUGE_TAIL
mf_net_3d,4.6210,0,104119832.0,360733472.0,19152726016.0,HUGE_TAIL
mf_net_5d,4.6117,0,141620144.0,489172512.0,21605826560.0,HUGE_TAIL
mf_net_10d,4.5883,0,221035520.0,774106560.0,25232809984.0,HUGE_TAIL
mf_net_20d,4.5417,0,361604608.0,1305117568.0,32671692800.0,HUGE_TAIL
mf_net_60d,4.3550,0,841116224.0,3237393152.0,75986198528.0,HUGE_TAIL
mf_net_accel_5_20,4.6117,0,21791800.0,77015400.0,3461096448.0,HUGE_TAIL
mf_persist_10d,0.0000,0,1.923824607885975,8.0,10.0,
mf_net_1d_amount_ratio,4.6307,0,0.08015654981136322,0.2446201890707016,1.000966191291809,
mf_net_5d_amount_ratio,4.6117,0,0.04388706758618355,0.13946032524108887,1.0000046491622925,
mf_net_20d_amount_ratio,4.5417,0,0.026874251663684845,0.09179392457008362,1.0000014305114746,
mf_net_5d_cap_ratio,13.3521,0,0.013379398733377457,0.05376092344522476,0.681630551815033,
mf_net_20d_cap_ratio,13.2821,0,0.030577199533581734,0.13693390786647797,1.2249196767807007,
mf_buy_share_main,4.6307,0,0.11367033421993256,0.5354303121566772,1.0,
mfp_main_net_5d,13.3712,0,8.222760216328087e-11,3.4995365968330634e-10,4.372290871272756e-09,DEAD_VAR
mfp_main_net_20d,13.3712,0,1.994948224176735e-10,8.777570968726495e-10,1.2216512272890968e-08,DEAD_VAR
mfp_main_net_60d,13.3712,0,4.542380398119934e-10,1.9632231883195012e-09,8.496749990875382e-08,DEAD_VAR
mfp_main_net_180d,13.3712,0,9.048404047004946e-10,3.866074863083249e-09,1.8701164600314844e-07,DEAD_VAR
mfp_main_net_cum_pct,4.6307,0,1.8090838630707253e-06,6.731138963799565e-06,0.0001000001469725852,
mfp_main_cost_line,4.6309,0,7786.182635142965,340.4639888956281,8320338.458749995,HUGE_TAIL
mfp_price_vs_cost,4.6352,0,6506420.342455683,1328.5989884078922,13117628138.581503,HUGE_TAIL
mfp_lg_buy_ratio_20d,4.6307,0,6.116825415992075e-06,3.1468534456227455e-05,0.00010000067155638723,
mfp_elg_buy_ratio_20d,4.6307,0,4.05887040280957e-06,1.85532013015961e-05,0.00010000004043440942,
mfp_md_net_60d,13.3712,0,2.2933676779363048e-10,9.208379795226843e-10,3.3661631440249006e-08,DEAD_VAR
mfp_sm_net_60d,13.3712,0,5.443507517393223e-10,2.3621082026665036e-09,1.1563017747230755e-07,DEAD_VAR
mfp_main_net_volatility_20d,4.6455,0,5159.8040529367645,21885.52883798659,332809.5711308915,HUGE_TAIL
hm_net_5d,9.0893,0,2.939553387576952e-07,1.1016226867793646e-06,2.887261496493646e-05,DEAD_VAR
hm_net_20d,9.0893,0,5.85517211617294e-07,2.6619520662061073e-06,5.812363534159637e-05,DEAD_VAR
hm_net_60d,9.0893,0,9.921088069875464e-07,4.585108738064024e-06,5.705816192138609e-05,DEAD_VAR
hm_seat_count_30d,3.3110,0,3.8903398963699773,19.0,131.0,
hm_top3_concentration,3.3110,0,0.09926677701679597,0.7998139936466976,1.0,
hm_recent_active,3.3110,0,0.18406690165886574,1.0,1.0,
hk_hold_pct,44.5304,0,0.05173372810299296,0.1509201745812678,7.07991072394746,
hk_hold_chg_5d,45.0033,0,0.21525232538064318,0.013054061341270011,53.09597546631463,
hk_hold_chg_20d,47.8357,0,0.22168502354622158,0.029255584444568522,53.098602886990584,
hk_hold_chg_60d,57.3904,0,0.24515441051409265,0.05100023867255148,52.95898088985297,
hk_hold_chg_180d,85.8912,0,0.7299673046444872,0.11426920577683011,109.90495505398889,
inst_net_30d,9.0893,0,1.6607751428951346e-06,6.895559485904618e-06,0.00013343295079267062,
inst_net_60d,9.0893,0,2.3004430915370055e-06,1.0103598272979556e-05,0.00020954941224462348,
inst_appear_count_60d,3.3110,0,24.237324243913775,120.0,620.0,HUGE_TAIL
mg_buy_30d_ratio,9.0893,0,7.490259189495768e-06,3.825584521099241e-05,0.00014918293050687352,
mg_balance_pct,44.2915,0,2.8422640039139916e-06,1.2244405389188483e-05,9.56228507380008e-05,
mg_short_chg_20d,58.8192,0,67.93867364292998,8.020568582182468,28374.585938606848,
senti_zt_count_30d,0.0000,0,0.0037198323427856768,0.0,1.0,
senti_max_step_60d,0.0000,0,0.8248785189966478,4.0,22.0,
senti_ths_hot_pct,99.1170,0,0.2886132942276753,0.9903846153846154,1.0,DEAD_NULL
sh_holder_num_chg_30d,86.3672,0,0.13504150201052398,0.6012509421439258,3.8700910643141717,
sh_major_net_60d,9.0893,0,3.033384997376709e-07,1.2406250216637406e-07,9.611136569835498e-05,DEAD_VAR
fund_pe_ttm,21.8126,0,2488.419828727471,1237.4162608867823,539273.3383,HUGE_TAIL
fund_pe_pct_252d,21.8126,0,0.3458380590250674,1.0,1.0,
fund_roe_ttm,3.4728,0,230.19294026932118,73.01,19210.0253,
fund_revenue_growth,3.3213,0,10497.994743305755,1804.2608,2095555.0846,HUGE_TAIL
ind_relative_strength_20d,49.5935,0,0.05341763133272239,0.17201868713063914,0.345086295148026,
ind_relative_strength_60d,57.5014,0,0.09427366773967445,0.32723830582407765,0.5392476506371164,
mkt_index_return_20d,3.3274,0,0.043203039810326214,0.19831326765511226,0.22783676895288188,
mkt_congestion,29.9004,0,0.036983722961385565,0.4616,0.4789,
tech_close_vs_ma5,1.9891,0,0.035641592518649845,0.13479941771699952,0.8146900978638323,
tech_close_vs_ma10,2.0576,0,0.05449585718821821,0.2051166671938127,1.3259730538922154,
tech_close_vs_ma20,2.1973,0,0.07917214786617736,0.28937136040125866,2.460985352862849,
tech_close_vs_ma60,4.4702,0,0.13792814340633155,0.4957658249047407,5.1736110378025755,
tech_ma5_minus_ma10_pct,2.0576,0,0.02936027451690287,0.10831366397906327,0.7201125175808719,
tech_ma5_minus_ma20_pct,2.1973,0,0.06060406659884537,0.21892570511912696,1.263292960786665,
tech_ma10_minus_ma20_pct,2.1973,0,0.039664631256776765,0.13942168465920804,0.7068557919621749,
tech_ma20_minus_ma60_pct,4.4702,0,0.08766150053818696,0.30511970664845495,1.441846606466022,
tech_kdj_k_minus_d,2.0438,0,8.900882478877369,20.32272494687467,27.70219346409901,
tech_macd_dif_norm,2.2837,0,0.03315456197673878,0.1132171111849635,2.198721829357305,
tech_macd_dea_norm,2.3970,0,0.030873066715202315,0.10413890652394558,1.9695525664863716,
tech_macd_hist_norm,2.3970,0,0.01067226221870057,0.036295163440318724,0.5400865004181965,
tech_boll_percent,2.1970,0,0.32501029271890325,1.2402706188645138,1.5594625648927773,
tech_boll_width,2.1970,0,0.1433236423183943,0.7382229984376186,4.5521649981115,
tech_boll_squeeze_60d,6.9749,0,0.3194716912493574,1.0,1.0,
tech_vol_ratio_5d,1.9891,0,0.3696027544104074,2.3567853229289635,4.971316887571253,
tech_vol_ma5_over_ma20,2.1973,0,0.38124514572720397,2.3736180694978555,3.925387634961374,
tech_amplitude_5d,0.0131,0,0.07619957374890822,0.35792644627094333,30.771428571428572,
tech_amplitude_20d,0.0531,0,0.17675646478432497,0.6832214765100669,49.25714285714287,
tech_atr_percent,2.1129,0,1.753734113051255,9.627188694791704,106.09168093847768,
cmf_60d_pct_amt,5.1716,0,0.018124633976961315,0.06867787747690801,0.2122280264036225,
cmf_120d_pct_amt,6.4080,0,0.014993928536250119,0.059274159011066536,0.14877017354473157,
cmf_60d_pct_active,5.1716,0,0.255293071269989,0.7703751921653748,0.9980433583259583,
cmf_120d_pct_active,6.4080,0,0.20743906497955322,0.6832960247993469,0.95842444896698,
zt_count_30d,0.0000,0,0.20920068472856856,1.0,13.0,
zt_count_60d,0.0000,0,0.2573342280127083,1.0,13.0,
zt_first_board_count_30d,0.0000,0,0.16565767938400186,1.0,8.0,
zt_first_board_count_60d,0.0000,0,0.2062345269838958,1.0,9.0,
zt_max_streak_60d,0.0000,0,0.1933803196442216,1.0,10.0,
zt_dt_imbalance_60d,0.0000,0,0.24848087329079152,1.0,12.0,
cyq_winning_ratio,0.5154,0,29.0408410808736,98.73,100.58,
cyq_concentration_70,0.5154,0,0.08977705722468655,0.45993532159540085,3.725490196078431,
cyq_cost_distance,0.5154,0,0.1840994631663054,0.8217498633251248,3.8991494532199273,
