ts_code,name,l1_code,l1_name,l2_code,l2_name,l3_code,l3_name
000006.SZ,深振业A,801180.SI,房地产,801181.SI,房地产开发,851811.SI,住宅开发
000011.SZ,深物业A,801180.SI,房地产,801181.SI,房地产开发,851811.SI,住宅开发
000012.SZ,南玻A,801710.SI,建筑材料,801712.SI,玻璃玻纤,857121.SI,玻璃制造
000016.SZ,,,,,,,
000019.SZ,,,,,,,
000025.SZ,,,,,,,
000028.SZ,国药一致,801150.SI,医药生物,801154.SI,医药商业,851542.SI,医药流通
000029.SZ,深深房A,801180.SI,房地产,801181.SI,房地产开发,851811.SI,住宅开发
000030.SZ,富奥股份,801880.SI,汽车,801093.SI,汽车零部件,850923.SI,底盘与发动机系统
000032.SZ,,,,,,,
000034.SZ,神州数码,801750.SI,计算机,801103.SI,IT服务Ⅱ,852226.SI,IT服务Ⅲ
000035.SZ,中国天楹,801970.SI,环保,801971.SI,环境治理,859713.SI,固废治理
000036.SZ,华联控股,801180.SI,房地产,801181.SI,房地产开发,851811.SI,住宅开发
000048.SZ,,,,,,,
000049.SZ,德赛电池,801730.SI,电力设备,801737.SI,电池,857371.SI,锂电池
000058.SZ,深赛格,801200.SI,商贸零售,801203.SI,一般零售,852034.SI,商业物业经营
000059.SZ,华锦股份,801960.SI,石油石化,801963.SI,炼化及贸易,859631.SI,炼油化工
000061.SZ,农产品,801200.SI,商贸零售,801203.SI,一般零售,852034.SI,商业物业经营
000062.SZ,深圳华强,801080.SI,电子,801082.SI,其他电子Ⅱ,850841.SI,其他电子Ⅲ
000065.SZ,北方国际,801720.SI,建筑装饰,801724.SI,专业工程,857243.SI,国际工程
000070.SZ,特发信息,801770.SI,通信,801102.SI,通信设备,851025.SI,通信线缆及配套
000088.SZ,,,,,,,
000089.SZ,,,,,,,
000090.SZ,天健集团,801180.SI,房地产,801181.SI,房地产开发,851811.SI,住宅开发
000099.SZ,,,,,,,
000155.SZ,川能动力,801160.SI,公用事业,801161.SI,电力,851617.SI,风力发电
000156.SZ,华数传媒,801760.SI,传媒,801995.SI,电视广播Ⅱ,859951.SI,电视广播Ⅲ
000403.SZ,派林生物,801150.SI,医药生物,801152.SI,生物制品,851522.SI,血液制品
000415.SZ,,,,,,,
000420.SZ,吉林化纤,801030.SI,基础化工,801032.SI,化学纤维,850343.SI,粘胶
000422.SZ,,,,,,,
000423.SZ,东阿阿胶,801150.SI,医药生物,801155.SI,中药Ⅱ,851521.SI,中药Ⅲ
000426.SZ,兴业银锡,801050.SI,有色金属,801055.SI,工业金属,850553.SI,铅锌
000429.SZ,粤高速A,801170.SI,交通运输,801179.SI,铁路公路,851731.SI,高速公路
000488.SZ,ST晨鸣,801140.SI,轻工制造,801143.SI,造纸,851412.SI,大宗用纸
000498.SZ,山东路桥,801720.SI,建筑装饰,801723.SI,基础建设,857236.SI,基建市政工程
000503.SZ,国新健康,801750.SI,计算机,801104.SI,软件开发,851041.SI,垂直应用软件
000507.SZ,,,,,,,
000517.SZ,荣安地产,801180.SI,房地产,801181.SI,房地产开发,851811.SI,住宅开发
000528.SZ,柳工,801890.SI,机械设备,801077.SI,工程机械,850771.SI,工程机械整机
000539.SZ,粤电力A,801160.SI,公用事业,801161.SI,电力,851611.SI,火力发电
000543.SZ,皖能电力,801160.SI,公用事业,801161.SI,电力,851611.SI,火力发电
000544.SZ,中原环保,801970.SI,环保,801971.SI,环境治理,859712.SI,水务及水治理
000546.SZ,,,,,,,
000550.SZ,江铃汽车,801880.SI,汽车,801096.SI,商用车,850912.SI,商用载货车
000552.SZ,甘肃能化,801950.SI,煤炭,801951.SI,煤炭开采,859511.SI,动力煤
000555.SZ,神州信息,801750.SI,计算机,801103.SI,IT服务Ⅱ,852226.SI,IT服务Ⅲ
000557.SZ,西部创业,801170.SI,交通运输,801179.SI,铁路公路,851771.SI,铁路运输
000560.SZ,,,,,,,
000566.SZ,海南海药,801150.SI,医药生物,801151.SI,化学制药,851512.SI,化学制剂
000567.SZ,海德股份,801790.SI,非银金融,801191.SI,多元金融,851927.SI,资产管理
000581.SZ,威孚高科,801880.SI,汽车,801093.SI,汽车零部件,850923.SI,底盘与发动机系统
000582.SZ,北部湾港,801170.SI,交通运输,801992.SI,航运港口,851711.SI,港口
000589.SZ,贵州轮胎,801880.SI,汽车,801093.SI,汽车零部件,850924.SI,轮胎轮毂
000591.SZ,太阳能,801160.SI,公用事业,801161.SI,电力,851616.SI,光伏发电
000592.SZ,平潭发展,801010.SI,农林牧渔,801011.SI,林业Ⅱ,850131.SI,林业Ⅲ
000597.SZ,东北制药,801150.SI,医药生物,801151.SI,化学制药,851512.SI,化学制剂
000600.SZ,建投能源,801160.SI,公用事业,801161.SI,电力,851611.SI,火力发电
000601.SZ,韶能股份,801160.SI,公用事业,801161.SI,电力,851612.SI,水力发电
000603.SZ,盛达资源,801050.SI,有色金属,801055.SI,工业金属,850553.SI,铅锌
000612.SZ,焦作万方,801050.SI,有色金属,801055.SI,工业金属,850551.SI,铝
000615.SZ,,,,,,,
000620.SZ,,,,,,,
000627.SZ,*ST天茂(退市),801790.SI,非银金融,801194.SI,保险Ⅱ,851941.SI,保险Ⅲ
000628.SZ,高新发展,801720.SI,建筑装饰,801721.SI,房屋建设Ⅱ,850623.SI,房屋建设Ⅲ
000636.SZ,风华高科,801080.SI,电子,801083.SI,元件,850823.SI,被动元件
000639.SZ,,,,,,,
000650.SZ,仁和药业,801150.SI,医药生物,801155.SI,中药Ⅱ,851521.SI,中药Ⅲ
000652.SZ,泰达股份,801230.SI,综合,801231.SI,综合Ⅱ,852311.SI,综合Ⅲ
000657.SZ,中钨高新,801050.SI,有色金属,801054.SI,小金属,850542.SI,钨
000672.SZ,上峰水泥,801710.SI,建筑材料,801711.SI,水泥,857111.SI,水泥制造
000676.SZ,智度股份,801760.SI,传媒,801765.SI,广告营销,857651.SI,营销代理
000680.SZ,山推股份,801890.SI,机械设备,801077.SI,工程机械,850771.SI,工程机械整机
000681.SZ,视觉中国,801760.SI,传媒,801767.SI,数字媒体,857673.SI,图片媒体
000682.SZ,东方电子,801730.SI,电力设备,801738.SI,电网设备,857321.SI,电网自动化设备
000683.SZ,博源化工,801030.SI,基础化工,801033.SI,化学原料,850321.SI,纯碱
000685.SZ,中山公用,801970.SI,环保,801971.SI,环境治理,859712.SI,水务及水治理
000686.SZ,东北证券,801790.SI,非银金融,801193.SI,证券Ⅱ,851931.SI,证券Ⅲ
000688.SZ,国城矿业,801050.SI,有色金属,801055.SI,工业金属,850553.SI,铅锌
000690.SZ,宝新能源,801160.SI,公用事业,801161.SI,电力,851611.SI,火力发电
000697.SZ,ST炼石,801740.SI,国防军工,801742.SI,航空装备Ⅱ,857421.SI,航空装备Ⅲ
000710.SZ,,,,,,,
000712.SZ,锦龙股份,801790.SI,非银金融,801193.SI,证券Ⅱ,851931.SI,证券Ⅲ
000718.SZ,苏宁环球,801180.SI,房地产,801181.SI,房地产开发,851811.SI,住宅开发
000719.SZ,中原传媒,801760.SI,传媒,801769.SI,出版,857692.SI,大众出版
000727.SZ,冠捷科技,801080.SI,电子,801084.SI,光学光电子,850831.SI,面板
000735.SZ,罗牛山,801010.SI,农林牧渔,801017.SI,养殖业,850172.SI,生猪养殖
000736.SZ,*ST中地,801180.SI,房地产,801181.SI,房地产开发,851811.SI,住宅开发
000737.SZ,,,,,,,
000756.SZ,新华制药,801150.SI,医药生物,801151.SI,化学制药,851511.SI,原料药
000758.SZ,中色股份,801050.SI,有色金属,801055.SI,工业金属,850553.SI,铅锌
000761.SZ,本钢板材,801040.SI,钢铁,801044.SI,普钢,850442.SI,板材
000762.SZ,西藏矿业,801050.SI,有色金属,801056.SI,能源金属,850543.SI,锂
000766.SZ,通化金马,801150.SI,医药生物,801151.SI,化学制药,851512.SI,化学制剂
000767.SZ,晋控电力,801160.SI,公用事业,801161.SI,电力,851611.SI,火力发电
000778.SZ,新兴铸管,801040.SI,钢铁,801044.SI,普钢,850443.SI,钢铁管材
000789.SZ,万年青,801710.SI,建筑材料,801711.SI,水泥,857111.SI,水泥制造
000791.SZ,,,,,,,
000795.SZ,英洛华,801050.SI,有色金属,801051.SI,金属新材料,850522.SI,磁性材料
000801.SZ,四川九洲,801110.SI,家用电器,801112.SI,黑色家电,851122.SI,其他黑色家电
000810.SZ,创维数字,801110.SI,家用电器,801112.SI,黑色家电,851122.SI,其他黑色家电
000811.SZ,冰轮环境,801890.SI,机械设备,801072.SI,通用设备,850715.SI,制冷空调设备
000813.SZ,德展健康,801150.SI,医药生物,801151.SI,化学制药,851512.SI,化学制剂
000818.SZ,航锦科技,801030.SI,基础化工,801033.SI,化学原料,850322.SI,氯碱
000821.SZ,,,,,,,
000823.SZ,超声电子,801080.SI,电子,801083.SI,元件,850822.SI,印制电路板
000828.SZ,东莞控股,801170.SI,交通运输,801179.SI,铁路公路,851731.SI,高速公路
000829.SZ,天音控股,801200.SI,商贸零售,801204.SI,专业连锁Ⅱ,852041.SI,专业连锁Ⅲ
000833.SZ,粤桂股份,801230.SI,综合,801231.SI,综合Ⅱ,852311.SI,综合Ⅲ
000837.SZ,秦川机床,801890.SI,机械设备,801072.SI,通用设备,850711.SI,机床工具
000848.SZ,承德露露,801120.SI,食品饮料,801127.SI,饮料乳品,851271.SI,软饮料
000851.SZ,*ST高鸿(退市),801770.SI,通信,801102.SI,通信设备,851024.SI,通信网络设备及器件
000860.SZ,顺鑫农业,801120.SI,食品饮料,801125.SI,白酒Ⅱ,851251.SI,白酒Ⅲ
000869.SZ,张裕A,801120.SI,食品饮料,801126.SI,非白酒,851233.SI,其他酒类
000875.SZ,电投绿能,801160.SI,公用事业,801161.SI,电力,851610.SI,电能综合服务
000880.SZ,潍柴重机,801880.SI,汽车,801093.SI,汽车零部件,850923.SI,底盘与发动机系统
000881.SZ,中广核技,801030.SI,基础化工,801034.SI,化学制品,850339.SI,其他化学制品
000885.SZ,,,,,,,
000893.SZ,亚钾国际,801030.SI,基础化工,801038.SI,农化制品,850336.SI,钾肥
000899.SZ,赣能股份,801160.SI,公用事业,801161.SI,电力,851611.SI,火力发电
000901.SZ,,,,,,,
000902.SZ,,,,,,,
000903.SZ,,,,,,,
000910.SZ,大亚圣象,801140.SI,轻工制造,801142.SI,家居用品,851436.SI,瓷砖地板
000913.SZ,,,,,,,
000915.SZ,华特达因,801150.SI,医药生物,801151.SI,化学制药,851512.SI,化学制剂
000917.SZ,电广传媒,801760.SI,传媒,801995.SI,电视广播Ⅱ,859951.SI,电视广播Ⅲ
000918.SZ,,,,,,,
000921.SZ,海信家电,801110.SI,家用电器,801111.SI,白色家电,851112.SI,空调
000923.SZ,河钢资源,801040.SI,钢铁,801043.SI,冶钢原料,850431.SI,铁矿石
000927.SZ,中国铁物,801890.SI,机械设备,801076.SI,轨交设备Ⅱ,850936.SI,轨交设备Ⅲ
000928.SZ,中钢国际,801720.SI,建筑装饰,801724.SI,专业工程,857243.SI,国际工程
000930.SZ,中粮科技,801010.SI,农林牧渔,801012.SI,农产品加工,850154.SI,其他农产品加工
000931.SZ,中关村,801150.SI,医药生物,801151.SI,化学制药,851512.SI,化学制剂
000933.SZ,神火股份,801050.SI,有色金属,801055.SI,工业金属,850551.SI,铝
000935.SZ,,,,,,,
000936.SZ,华西股份,801030.SI,基础化工,801032.SI,化学纤维,850341.SI,涤纶
000950.SZ,重药控股,801150.SI,医药生物,801154.SI,医药商业,851542.SI,医药流通
000951.SZ,中国重汽,801880.SI,汽车,801096.SI,商用车,850912.SI,商用载货车
000958.SZ,,,,,,,
000966.SZ,长源电力,801160.SI,公用事业,801161.SI,电力,851611.SI,火力发电
000968.SZ,蓝焰控股,801960.SI,石油石化,801961.SI,油气开采Ⅱ,859611.SI,油气开采Ⅲ
000969.SZ,安泰科技,801050.SI,有色金属,801051.SI,金属新材料,850521.SI,其他金属新材料
000970.SZ,,,,,,,
000976.SZ,*ST华铁(退市),801890.SI,机械设备,801076.SI,轨交设备Ⅱ,850936.SI,轨交设备Ⅲ
000982.SZ,,,,,,,
000989.SZ,九芝堂,801150.SI,医药生物,801155.SI,中药Ⅱ,851521.SI,中药Ⅲ
000990.SZ,,,,,,,
001203.SZ,,,,,,,
001213.SZ,,,,,,,
001227.SZ,,,,,,,
001236.SZ,,,,,,,
001258.SZ,立新能源,801160.SI,公用事业,801161.SI,电力,851617.SI,风力发电
001269.SZ,欧晶科技,801730.SI,电力设备,801735.SI,光伏设备,857354.SI,光伏辅材
001270.SZ,*ST铖昌,801740.SI,国防军工,801745.SI,军工电子Ⅱ,857451.SI,军工电子Ⅲ
001287.SZ,中电港,801080.SI,电子,801082.SI,其他电子Ⅱ,850841.SI,其他电子Ⅲ
001301.SZ,尚太科技,801730.SI,电力设备,801737.SI,电池,857372.SI,电池化学品
001308.SZ,康冠科技,801080.SI,电子,801084.SI,光学光电子,850831.SI,面板
001309.SZ,,,,,,,
001311.SZ,多利科技,801880.SI,汽车,801093.SI,汽车零部件,850925.SI,其他汽车零部件
001322.SZ,箭牌家居,801140.SI,轻工制造,801142.SI,家居用品,851439.SI,卫浴制品
001323.SZ,,,,,,,
001337.SZ,四川黄金,801050.SI,有色金属,801053.SI,贵金属,850531.SI,黄金
001338.SZ,永顺泰,801010.SI,农林牧渔,801012.SI,农产品加工,850154.SI,其他农产品加工
001339.SZ,,,,,,,
001356.SZ,,,,,,,
001376.SZ,,,,,,,
001389.SZ,,,,,,,
001696.SZ,宗申动力,801890.SI,机械设备,801072.SI,通用设备,850716.SI,其他通用设备
001914.SZ,,,,,,,
002002.SZ,ST鸿达(退市),801030.SI,基础化工,801033.SI,化学原料,850322.SI,氯碱
002003.SZ,伟星股份,801130.SI,纺织服饰,801131.SI,纺织制造,851315.SI,辅料
002004.SZ,,,,,,,
002006.SZ,精工科技,801890.SI,机械设备,801074.SI,专用设备,850727.SI,其他专用设备
002010.SZ,传化智联,801170.SI,交通运输,801178.SI,物流,851787.SI,公路货运
002011.SZ,盾安环境,801110.SI,家用电器,801116.SI,家电零部件Ⅱ,851161.SI,家电零部件Ⅲ
002015.SZ,协鑫能科,801160.SI,公用事业,801161.SI,电力,851614.SI,热力服务
002017.SZ,东信和平,801770.SI,通信,801102.SI,通信设备,851026.SI,通信终端及配件
002019.SZ,,,,,,,
002020.SZ,京新药业,801150.SI,医药生物,801151.SI,化学制药,851512.SI,化学制剂
002023.SZ,海特高新,801740.SI,国防军工,801742.SI,航空装备Ⅱ,857421.SI,航空装备Ⅲ
002025.SZ,,,,,,,
002034.SZ,旺能环境,801970.SI,环保,801971.SI,环境治理,859713.SI,固废治理
002035.SZ,华帝股份,801110.SI,家用电器,801114.SI,厨卫电器,851141.SI,厨房电器
002036.SZ,,,,,,,
002038.SZ,,,,,,,
002041.SZ,登海种业,801010.SI,农林牧渔,801016.SI,种植业,850111.SI,种子
002042.SZ,华孚时尚,801130.SI,纺织服饰,801131.SI,纺织制造,851312.SI,棉纺
002043.SZ,兔宝宝,801710.SI,建筑材料,801713.SI,装修建材,850614.SI,其他建材
002044.SZ,美年健康,801150.SI,医药生物,801156.SI,医疗服务,851564.SI,医院
002045.SZ,国光电器,801080.SI,电子,801085.SI,消费电子,850853.SI,品牌消费电子
002046.SZ,,,,,,,
002048.SZ,宁波华翔,801880.SI,汽车,801093.SI,汽车零部件,850922.SI,车身附件及饰件
002051.SZ,中工国际,801720.SI,建筑装饰,801724.SI,专业工程,857243.SI,国际工程
002053.SZ,,,,,,,
002055.SZ,ST得润,801080.SI,电子,801085.SI,消费电子,850854.SI,消费电子零部件及组装
002060.SZ,广东建工,801160.SI,公用事业,801161.SI,电力,851610.SI,电能综合服务
002061.SZ,浙江交科,801720.SI,建筑装饰,801723.SI,基础建设,857236.SI,基建市政工程
002063.SZ,远光软件,801750.SI,计算机,801104.SI,软件开发,851041.SI,垂直应用软件
002068.SZ,黑猫股份,801030.SI,基础化工,801037.SI,橡胶,850363.SI,炭黑
002073.SZ,软控股份,801890.SI,机械设备,801074.SI,专用设备,850727.SI,其他专用设备
002075.SZ,,,,,,,
002077.SZ,大港股份,801080.SI,电子,801081.SI,半导体,850817.SI,集成电路封测
002079.SZ,,,,,,,
002081.SZ,金螳螂,801720.SI,建筑装饰,801722.SI,装修装饰Ⅱ,857221.SI,装修装饰Ⅲ
002085.SZ,万丰奥威,801880.SI,汽车,801093.SI,汽车零部件,850924.SI,轮胎轮毂
002088.SZ,鲁阳节能,801710.SI,建筑材料,801713.SI,装修建材,850615.SI,耐火材料
002091.SZ,江苏国泰,801200.SI,商贸零售,801202.SI,贸易Ⅱ,852021.SI,贸易Ⅲ
002093.SZ,,,,,,,
002096.SZ,易普力,801030.SI,基础化工,801034.SI,化学制品,850337.SI,民爆制品
002097.SZ,山河智能,801890.SI,机械设备,801077.SI,工程机械,850771.SI,工程机械整机
002099.SZ,海翔药业,801150.SI,医药生物,801151.SI,化学制药,851511.SI,原料药
002100.SZ,天康生物,801010.SI,农林牧渔,801014.SI,饲料,850142.SI,畜禽饲料
002101.SZ,广东鸿图,801880.SI,汽车,801093.SI,汽车零部件,850925.SI,其他汽车零部件
002104.SZ,恒宝股份,801770.SI,通信,801102.SI,通信设备,851026.SI,通信终端及配件
002106.SZ,莱宝高科,801080.SI,电子,801084.SI,光学光电子,850831.SI,面板
002108.SZ,沧州明珠,801030.SI,基础化工,801036.SI,塑料,850351.SI,其他塑料制品
002110.SZ,三钢闽光,801040.SI,钢铁,801044.SI,普钢,850441.SI,长材
002123.SZ,梦网科技,801770.SI,通信,801223.SI,通信服务,852214.SI,通信应用增值服务
002124.SZ,天邦食品,801010.SI,农林牧渔,801017.SI,养殖业,850172.SI,生猪养殖
002125.SZ,,,,,,,
002126.SZ,银轮股份,801880.SI,汽车,801093.SI,汽车零部件,850923.SI,底盘与发动机系统
002127.SZ,,,,,,,
002130.SZ,,,,,,,
002135.SZ,东南网架,801720.SI,建筑装饰,801724.SI,专业工程,857241.SI,钢结构
002139.SZ,拓邦股份,801080.SI,电子,801085.SI,消费电子,850854.SI,消费电子零部件及组装
002145.SZ,,,,,,,
002149.SZ,西部材料,801050.SI,有色金属,801054.SI,小金属,850544.SI,其他小金属
002151.SZ,,,,,,,
002154.SZ,报喜鸟,801130.SI,纺织服饰,801132.SI,服装家纺,851329.SI,非运动服装
002158.SZ,汉钟精机,801890.SI,机械设备,801072.SI,通用设备,850715.SI,制冷空调设备
002163.SZ,,,,,,,
002170.SZ,芭田股份,801030.SI,基础化工,801038.SI,农化制品,850381.SI,复合肥
002171.SZ,楚江新材,801050.SI,有色金属,801055.SI,工业金属,850552.SI,铜
002174.SZ,游族网络,801760.SI,传媒,801764.SI,游戏Ⅱ,857641.SI,游戏Ⅲ
002176.SZ,,,,,,,
002182.SZ,,,,,,,
002183.SZ,,,,,,,
002190.SZ,,,,,,,
002191.SZ,劲嘉股份,801140.SI,轻工制造,801141.SI,包装印刷,851425.SI,纸包装
002192.SZ,,,,,,,
002194.SZ,武汉凡谷,801770.SI,通信,801102.SI,通信设备,851024.SI,通信网络设备及器件
002201.SZ,九鼎新材,801710.SI,建筑材料,801712.SI,玻璃玻纤,857122.SI,玻纤制造
002204.SZ,大连重工,801890.SI,机械设备,801074.SI,专用设备,850725.SI,能源及重型设备
002206.SZ,海利得,801030.SI,基础化工,801032.SI,化学纤维,850341.SI,涤纶
002212.SZ,,,,,,,
002214.SZ,,,,,,,
002215.SZ,,,,,,,
002216.SZ,,,,,,,
002217.SZ,,,,,,,
002218.SZ,,,,,,,
002219.SZ,新里程,801150.SI,医药生物,801156.SI,医疗服务,851564.SI,医院
002221.SZ,东华能源,801960.SI,石油石化,801963.SI,炼化及贸易,859633.SI,其他石化
002222.SZ,,,,,,,
002226.SZ,江南化工,801030.SI,基础化工,801034.SI,化学制品,850337.SI,民爆制品
002232.SZ,启明信息,801750.SI,计算机,801103.SI,IT服务Ⅱ,852226.SI,IT服务Ⅲ
002233.SZ,塔牌集团,801710.SI,建筑材料,801711.SI,水泥,857111.SI,水泥制造
002234.SZ,民和股份,801010.SI,农林牧渔,801017.SI,养殖业,850173.SI,肉鸡养殖
002237.SZ,恒邦股份,801050.SI,有色金属,801053.SI,贵金属,850531.SI,黄金
002239.SZ,奥特佳,801880.SI,汽车,801093.SI,汽车零部件,850926.SI,汽车电子电气系统
002240.SZ,盛新锂能,801050.SI,有色金属,801056.SI,能源金属,850543.SI,锂
002242.SZ,九阳股份,801110.SI,家用电器,801113.SI,小家电,851131.SI,厨房小家电
002243.SZ,,,,,,,
002245.SZ,蔚蓝锂芯,801730.SI,电力设备,801737.SI,电池,857371.SI,锂电池
002249.SZ,大洋电机,801730.SI,电力设备,801731.SI,电机Ⅱ,850741.SI,电机Ⅲ
002250.SZ,联化科技,801030.SI,基础化工,801038.SI,农化制品,850333.SI,农药
002251.SZ,步步高,801200.SI,商贸零售,801203.SI,一般零售,852032.SI,超市
002254.SZ,,,,,,,
002258.SZ,利尔化学,801030.SI,基础化工,801038.SI,农化制品,850333.SI,农药
002261.SZ,,,,,,,
002262.SZ,恩华药业,801150.SI,医药生物,801151.SI,化学制药,851512.SI,化学制剂
002265.SZ,建设工业,801880.SI,汽车,801093.SI,汽车零部件,850923.SI,底盘与发动机系统
002267.SZ,陕天然气,801160.SI,公用事业,801163.SI,燃气Ⅱ,851631.SI,燃气Ⅲ
002268.SZ,电科网安,801750.SI,计算机,801101.SI,计算机设备,850703.SI,其他计算机设备
002270.SZ,华明装备,801730.SI,电力设备,801738.SI,电网设备,857381.SI,输变电设备
002274.SZ,华昌化工,801030.SI,基础化工,801033.SI,化学原料,850325.SI,煤化工
002275.SZ,,,,,,,
002276.SZ,万马股份,801730.SI,电力设备,801738.SI,电网设备,857344.SI,线缆部件及其他
002283.SZ,天润工业,801880.SI,汽车,801093.SI,汽车零部件,850923.SI,底盘与发动机系统
002285.SZ,,,,,,,
002287.SZ,奇正藏药,801150.SI,医药生物,801155.SI,中药Ⅱ,851521.SI,中药Ⅲ
002291.SZ,,,,,,,
002292.SZ,奥飞娱乐,801760.SI,传媒,801766.SI,影视院线,857661.SI,影视动漫制作
002293.SZ,罗莱生活,801130.SI,纺织服饰,801132.SI,服装家纺,851326.SI,家纺
002298.SZ,,,,,,,
002301.SZ,齐心集团,801140.SI,轻工制造,801145.SI,文娱用品,851451.SI,文化用品
002302.SZ,,,,,,,
002303.SZ,美盈森,801140.SI,轻工制造,801141.SI,包装印刷,851425.SI,纸包装
002307.SZ,北新路桥,801720.SI,建筑装饰,801723.SI,基础建设,857236.SI,基建市政工程
002310.SZ,东方新能,801720.SI,建筑装饰,801723.SI,基础建设,857251.SI,园林工程
002312.SZ,,,,,,,
002314.SZ,南山控股,801180.SI,房地产,801181.SI,房地产开发,851811.SI,住宅开发
002315.SZ,焦点科技,801200.SI,商贸零售,801206.SI,互联网电商,852062.SI,跨境电商
002317.SZ,众生药业,801150.SI,医药生物,801155.SI,中药Ⅱ,851521.SI,中药Ⅲ
002318.SZ,久立特材,801040.SI,钢铁,801045.SI,特钢Ⅱ,850412.SI,特钢Ⅲ
002320.SZ,,,,,,,
002324.SZ,普利特,801030.SI,基础化工,801036.SI,塑料,850353.SI,改性塑料
002326.SZ,永太科技,801030.SI,基础化工,801034.SI,化学制品,850382.SI,氟化工
002327.SZ,富安娜,801130.SI,纺织服饰,801132.SI,服装家纺,851326.SI,家纺
002332.SZ,,,,,,,
002335.SZ,科华数据,801730.SI,电力设备,801733.SI,其他电源设备Ⅱ,857336.SI,其他电源设备Ⅲ
002338.SZ,,,,,,,
002344.SZ,海宁皮城,801200.SI,商贸零售,801203.SI,一般零售,852034.SI,商业物业经营
002345.SZ,潮宏基,801130.SI,纺织服饰,801133.SI,饰品,851331.SI,钟表珠宝
002349.SZ,精华制药,801150.SI,医药生物,801155.SI,中药Ⅱ,851521.SI,中药Ⅲ
002351.SZ,漫步者,801080.SI,电子,801085.SI,消费电子,850853.SI,品牌消费电子
002354.SZ,,,,,,,
002364.SZ,中恒电气,801730.SI,电力设备,801733.SI,其他电源设备Ⅱ,857336.SI,其他电源设备Ⅲ
002367.SZ,,,,,,,
002368.SZ,,,,,,,
002373.SZ,千方科技,801750.SI,计算机,801103.SI,IT服务Ⅱ,852226.SI,IT服务Ⅲ
002376.SZ,新北洋,801750.SI,计算机,801101.SI,计算机设备,850703.SI,其他计算机设备
002378.SZ,章源钨业,801050.SI,有色金属,801054.SI,小金属,850542.SI,钨
002389.SZ,航天彩虹,801740.SI,国防军工,801742.SI,航空装备Ⅱ,857421.SI,航空装备Ⅲ
002390.SZ,信邦制药,801150.SI,医药生物,801155.SI,中药Ⅱ,851521.SI,中药Ⅲ
002396.SZ,星网锐捷,801770.SI,通信,801102.SI,通信设备,851024.SI,通信网络设备及器件
002399.SZ,,,,,,,
002400.SZ,省广集团,801760.SI,传媒,801765.SI,广告营销,857651.SI,营销代理
002402.SZ,,,,,,,
002405.SZ,四维图新,801750.SI,计算机,801104.SI,软件开发,851041.SI,垂直应用软件
002408.SZ,,,,,,,
002413.SZ,,,,,,,
002416.SZ,爱施德,801200.SI,商贸零售,801204.SI,专业连锁Ⅱ,852041.SI,专业连锁Ⅲ
002421.SZ,达实智能,801750.SI,计算机,801103.SI,IT服务Ⅱ,852226.SI,IT服务Ⅲ
002424.SZ,ST百灵,801150.SI,医药生物,801155.SI,中药Ⅱ,851521.SI,中药Ⅲ
002425.SZ,凯撒文化,801760.SI,传媒,801764.SI,游戏Ⅱ,857641.SI,游戏Ⅲ
002428.SZ,云南锗业,801050.SI,有色金属,801054.SI,小金属,850544.SI,其他小金属
002432.SZ,,,,,,,
002434.SZ,万里扬,801880.SI,汽车,801093.SI,汽车零部件,850923.SI,底盘与发动机系统
002435.SZ,ST长康(退市),801150.SI,医药生物,801151.SI,化学制药,851512.SI,化学制剂
002436.SZ,兴森科技,801080.SI,电子,801083.SI,元件,850822.SI,印制电路板
002437.SZ,,,,,,,
002440.SZ,,,,,,,
002446.SZ,盛路通信,801740.SI,国防军工,801745.SI,军工电子Ⅱ,857451.SI,军工电子Ⅲ
002449.SZ,国星光电,801080.SI,电子,801084.SI,光学光电子,850832.SI,LED
002453.SZ,,,,,,,
002456.SZ,欧菲光,801080.SI,电子,801084.SI,光学光电子,850833.SI,光学元件
002458.SZ,益生股份,801010.SI,农林牧渔,801017.SI,养殖业,850173.SI,肉鸡养殖
002461.SZ,珠江啤酒,801120.SI,食品饮料,801126.SI,非白酒,851232.SI,啤酒
002463.SZ,沪电股份,801080.SI,电子,801083.SI,元件,850822.SI,印制电路板
002467.SZ,二六三,801770.SI,通信,801223.SI,通信服务,852214.SI,通信应用增值服务
002468.SZ,申通快递,801170.SI,交通运输,801178.SI,物流,851784.SI,快递
002472.SZ,双环传动,801880.SI,汽车,801093.SI,汽车零部件,850923.SI,底盘与发动机系统
002481.SZ,,,,,,,
002484.SZ,,,,,,,
002487.SZ,,,,,,,
002488.SZ,金固股份,801880.SI,汽车,801093.SI,汽车零部件,850924.SI,轮胎轮毂
002489.SZ,浙江永强,801140.SI,轻工制造,801142.SI,家居用品,851437.SI,成品家居
002497.SZ,,,,,,,
002498.SZ,汉缆股份,801730.SI,电力设备,801738.SI,电网设备,857344.SI,线缆部件及其他
002506.SZ,协鑫集成,801730.SI,电力设备,801735.SI,光伏设备,857352.SI,光伏电池组件
002507.SZ,,,,,,,
002511.SZ,中顺洁柔,801980.SI,美容护理,801981.SI,个护用品,859811.SI,生活用纸
002516.SZ,旷达科技,801880.SI,汽车,801093.SI,汽车零部件,850922.SI,车身附件及饰件
002517.SZ,恺英网络,801760.SI,传媒,801764.SI,游戏Ⅱ,857641.SI,游戏Ⅲ
002518.SZ,科士达,801730.SI,电力设备,801733.SI,其他电源设备Ⅱ,857336.SI,其他电源设备Ⅲ
002522.SZ,,,,,,,
002530.SZ,,,,,,,
002531.SZ,天顺风能,801730.SI,电力设备,801736.SI,风电设备,857362.SI,风电零部件
002534.SZ,,,,,,,
002536.SZ,飞龙股份,801880.SI,汽车,801093.SI,汽车零部件,850923.SI,底盘与发动机系统
002537.SZ,,,,,,,
002539.SZ,云图控股,801030.SI,基础化工,801038.SI,农化制品,850381.SI,复合肥
002541.SZ,鸿路钢构,801720.SI,建筑装饰,801724.SI,专业工程,857241.SI,钢结构
002543.SZ,万和电气,801110.SI,家用电器,801114.SI,厨卫电器,851142.SI,卫浴电器
002544.SZ,普天科技,801770.SI,通信,801223.SI,通信服务,852213.SI,通信工程及服务
002545.SZ,,,,,,,
002549.SZ,凯美特气,801030.SI,基础化工,801034.SI,化学制品,850339.SI,其他化学制品
002550.SZ,千红制药,801150.SI,医药生物,801151.SI,化学制药,851512.SI,化学制剂
002556.SZ,,,,,,,
002557.SZ,,,,,,,
002558.SZ,巨人网络,801760.SI,传媒,801764.SI,游戏Ⅱ,857641.SI,游戏Ⅲ
002563.SZ,森马服饰,801130.SI,纺织服饰,801132.SI,服装家纺,851329.SI,非运动服装
002567.SZ,,,,,,,
002572.SZ,,,,,,,
002573.SZ,,,,,,,
002581.SZ,ST未名,801150.SI,医药生物,801152.SI,生物制品,851524.SI,其他生物制品
002583.SZ,海能达,801770.SI,通信,801102.SI,通信设备,851024.SI,通信网络设备及器件
002585.SZ,双星新材,801030.SI,基础化工,801036.SI,塑料,850355.SI,膜材料
002588.SZ,史丹利,801030.SI,基础化工,801038.SI,农化制品,850381.SI,复合肥
002589.SZ,,,,,,,
002597.SZ,,,,,,,
002605.SZ,,,,,,,
002609.SZ,捷顺科技,801750.SI,计算机,801103.SI,IT服务Ⅱ,852226.SI,IT服务Ⅲ
002610.SZ,ST爱康(退市),801730.SI,电力设备,801735.SI,光伏设备,857354.SI,光伏辅材
002611.SZ,东方精工,801890.SI,机械设备,801074.SI,专用设备,850726.SI,印刷包装机械
002612.SZ,朗姿股份,801130.SI,纺织服饰,801132.SI,服装家纺,851329.SI,非运动服装
002614.SZ,奥佳华,801110.SI,家用电器,801117.SI,其他家电Ⅱ,851171.SI,其他家电Ⅲ
002617.SZ,露笑科技,801160.SI,公用事业,801161.SI,电力,851616.SI,光伏发电
002626.SZ,,,,,,,
002635.SZ,,,,,,,
002636.SZ,,,,,,,
002639.SZ,雪人集团,801890.SI,机械设备,801072.SI,通用设备,850715.SI,制冷空调设备
002641.SZ,公元股份,801710.SI,建筑材料,801713.SI,装修建材,850616.SI,管材
002643.SZ,,,,,,,
002645.SZ,,,,,,,
002646.SZ,,,,,,,
002649.SZ,博彦科技,801750.SI,计算机,801103.SI,IT服务Ⅱ,852226.SI,IT服务Ⅲ
002651.SZ,,,,,,,
002654.SZ,万润科技,801080.SI,电子,801084.SI,光学光电子,850832.SI,LED
002662.SZ,峰璟股份,801880.SI,汽车,801093.SI,汽车零部件,850922.SI,车身附件及饰件
002664.SZ,,,,,,,
002668.SZ,,,,,,,
002675.SZ,东诚药业,801150.SI,医药生物,801151.SI,化学制药,851512.SI,化学制剂
002677.SZ,,,,,,,
002681.SZ,,,,,,,
002690.SZ,美亚光电,801890.SI,机械设备,801074.SI,专用设备,850727.SI,其他专用设备
002695.SZ,,,,,,,
002697.SZ,红旗连锁,801200.SI,商贸零售,801203.SI,一般零售,852032.SI,超市
002698.SZ,,,,,,,
002701.SZ,,,,,,,
002705.SZ,新宝股份,801110.SI,家用电器,801113.SI,小家电,851131.SI,厨房小家电
002706.SZ,良信股份,801730.SI,电力设备,801738.SI,电网设备,857382.SI,配电设备
002716.SZ,,,,,,,
002717.SZ,ST岭南,801720.SI,建筑装饰,801723.SI,基础建设,857251.SI,园林工程
002724.SZ,,,,,,,
002726.SZ,龙大美食,801120.SI,食品饮料,801124.SI,食品加工,851241.SI,肉制品
002727.SZ,一心堂,801150.SI,医药生物,801154.SI,医药商业,851543.SI,线下药店
002733.SZ,,,,,,,
002737.SZ,,,,,,,
002738.SZ,,,,,,,
002741.SZ,,,,,,,
002745.SZ,木林森,801080.SI,电子,801084.SI,光学光电子,850832.SI,LED
002746.SZ,仙坛股份,801010.SI,农林牧渔,801017.SI,养殖业,850173.SI,肉鸡养殖
002747.SZ,,,,,,,
002755.SZ,奥赛康,801150.SI,医药生物,801151.SI,化学制药,851512.SI,化学制剂
002759.SZ,天际股份,801730.SI,电力设备,801737.SI,电池,857372.SI,电池化学品
002761.SZ,,,,,,,
002768.SZ,,,,,,,
002773.SZ,,,,,,,
002777.SZ,,,,,,,
002779.SZ,中坚科技,801890.SI,机械设备,801074.SI,专用设备,850727.SI,其他专用设备
002782.SZ,,,,,,,
002791.SZ,坚朗五金,801710.SI,建筑材料,801713.SI,装修建材,850614.SI,其他建材
002792.SZ,通宇通讯,801770.SI,通信,801102.SI,通信设备,851024.SI,通信网络设备及器件
002803.SZ,吉宏股份,801200.SI,商贸零售,801206.SI,互联网电商,852062.SI,跨境电商
002807.SZ,江阴银行,801780.SI,银行,801785.SI,农商行Ⅱ,857851.SI,农商行Ⅲ
002810.SZ,山东赫达,801030.SI,基础化工,801034.SI,化学制品,850339.SI,其他化学制品
002815.SZ,崇达技术,801080.SI,电子,801083.SI,元件,850822.SI,印制电路板
002832.SZ,,,,,,,
002833.SZ,,,,,,,
002837.SZ,英维克,801890.SI,机械设备,801074.SI,专用设备,850727.SI,其他专用设备
002838.SZ,道恩股份,801030.SI,基础化工,801036.SI,塑料,850353.SI,改性塑料
002839.SZ,张家港行,801780.SI,银行,801785.SI,农商行Ⅱ,857851.SI,农商行Ⅲ
002840.SZ,华统股份,801120.SI,食品饮料,801124.SI,食品加工,851241.SI,肉制品
002847.SZ,,,,,,,
002850.SZ,科达利,801730.SI,电力设备,801737.SI,电池,857371.SI,锂电池
002851.SZ,麦格米特,801730.SI,电力设备,801733.SI,其他电源设备Ⅱ,857336.SI,其他电源设备Ⅲ
002859.SZ,洁美科技,801080.SI,电子,801082.SI,其他电子Ⅱ,850841.SI,其他电子Ⅲ
002865.SZ,,,,,,,
002866.SZ,,,,,,,
002867.SZ,周大生,801130.SI,纺织服饰,801133.SI,饰品,851331.SI,钟表珠宝
002880.SZ,卫光生物,801150.SI,医药生物,801152.SI,生物制品,851522.SI,血液制品
002881.SZ,,,,,,,
002882.SZ,金龙羽,801730.SI,电力设备,801738.SI,电网设备,857344.SI,线缆部件及其他
002891.SZ,中宠股份,801010.SI,农林牧渔,801014.SI,饲料,850144.SI,宠物食品
002892.SZ,科力尔,801730.SI,电力设备,801731.SI,电机Ⅱ,850741.SI,电机Ⅲ
002895.SZ,川恒股份,801030.SI,基础化工,801038.SI,农化制品,850332.SI,磷肥及磷化工
002896.SZ,,,,,,,
002897.SZ,,,,,,,
002901.SZ,大博医疗,801150.SI,医药生物,801153.SI,医疗器械,851533.SI,医疗耗材
002906.SZ,华阳集团,801880.SI,汽车,801093.SI,汽车零部件,850926.SI,汽车电子电气系统
002911.SZ,佛燃能源,801160.SI,公用事业,801163.SI,燃气Ⅱ,851631.SI,燃气Ⅲ
002912.SZ,中新赛克,801750.SI,计算机,801101.SI,计算机设备,850703.SI,其他计算机设备
002913.SZ,奥士康,801080.SI,电子,801083.SI,元件,850822.SI,印制电路板
002918.SZ,,,,,,,
002925.SZ,,,,,,,
002928.SZ,,,,,,,
002929.SZ,润建股份,801770.SI,通信,801223.SI,通信服务,852213.SI,通信工程及服务
002930.SZ,宏川智慧,801170.SI,交通运输,801178.SI,物流,851786.SI,仓储物流
002932.SZ,明德生物,801150.SI,医药生物,801153.SI,医疗器械,851534.SI,体外诊断
002936.SZ,郑州银行,801780.SI,银行,801784.SI,城商行Ⅱ,857841.SI,城商行Ⅲ
002941.SZ,新疆交建,801720.SI,建筑装饰,801723.SI,基础建设,857236.SI,基建市政工程
002946.SZ,新乳业,801120.SI,食品饮料,801127.SI,饮料乳品,851243.SI,乳品
002947.SZ,恒铭达,801080.SI,电子,801085.SI,消费电子,850854.SI,消费电子零部件及组装
002948.SZ,青岛银行,801780.SI,银行,801784.SI,城商行Ⅱ,857841.SI,城商行Ⅲ
002950.SZ,奥美医疗,801150.SI,医药生物,801153.SI,医疗器械,851533.SI,医疗耗材
002959.SZ,小熊电器,801110.SI,家用电器,801113.SI,小家电,851131.SI,厨房小家电
002960.SZ,青鸟消防,801890.SI,机械设备,801074.SI,专用设备,850728.SI,楼宇设备
002961.SZ,瑞达期货,801790.SI,非银金融,801191.SI,多元金融,851923.SI,期货
002965.SZ,祥鑫科技,801880.SI,汽车,801093.SI,汽车零部件,850925.SI,其他汽车零部件
002967.SZ,,,,,,,
002970.SZ,锐明技术,801750.SI,计算机,801101.SI,计算机设备,850703.SI,其他计算机设备
002975.SZ,,,,,,,
002977.SZ,,,,,,,
002978.SZ,,,,,,,
002979.SZ,,,,,,,
002984.SZ,,,,,,,
002985.SZ,,,,,,,
002987.SZ,,,,,,,
002990.SZ,,,,,,,
002991.SZ,,,,,,,
002993.SZ,,,,,,,
003006.SZ,,,,,,,
003009.SZ,,,,,,,
003012.SZ,,,,,,,
003021.SZ,,,,,,,
003031.SZ,中瓷电子,801770.SI,通信,801102.SI,通信设备,851026.SI,通信终端及配件
003032.SZ,,,,,,,
003039.SZ,,,,,,,
003040.SZ,,,,,,,
300002.SZ,,,,,,,
300006.SZ,莱美药业,801150.SI,医药生物,801151.SI,化学制药,851512.SI,化学制剂
300007.SZ,汉威科技,801890.SI,机械设备,801072.SI,通用设备,850731.SI,仪器仪表
300008.SZ,天海防务,801740.SI,国防军工,801744.SI,航海装备Ⅱ,850935.SI,航海装备Ⅲ
300009.SZ,安科生物,801150.SI,医药生物,801152.SI,生物制品,851524.SI,其他生物制品
300020.SZ,ST银江,801750.SI,计算机,801103.SI,IT服务Ⅱ,852226.SI,IT服务Ⅲ
300026.SZ,红日药业,801150.SI,医药生物,801155.SI,中药Ⅱ,851521.SI,中药Ⅲ
300027.SZ,华谊兄弟,801760.SI,传媒,801766.SI,影视院线,857661.SI,影视动漫制作
300031.SZ,,,,,,,
300034.SZ,,,,,,,
300035.SZ,,,,,,,
300036.SZ,超图软件,801750.SI,计算机,801104.SI,软件开发,851042.SI,横向通用软件
300039.SZ,,,,,,,
300045.SZ,华力创通,801740.SI,国防军工,801745.SI,军工电子Ⅱ,857451.SI,军工电子Ⅲ
300047.SZ,天源迪科,801750.SI,计算机,801104.SI,软件开发,851041.SI,垂直应用软件
300049.SZ,,,,,,,
300054.SZ,,,,,,,
300055.SZ,,,,,,,
300065.SZ,海兰信,801740.SI,国防军工,801744.SI,航海装备Ⅱ,850935.SI,航海装备Ⅲ
300068.SZ,南都电源,801730.SI,电力设备,801737.SI,电池,857375.SI,蓄电池及其他电池
300075.SZ,,,,,,,
300077.SZ,国民技术,801080.SI,电子,801081.SI,半导体,850814.SI,数字芯片设计
300078.SZ,思创智联,801750.SI,计算机,801103.SI,IT服务Ⅱ,852226.SI,IT服务Ⅲ
300079.SZ,数码视讯,801750.SI,计算机,801103.SI,IT服务Ⅱ,852226.SI,IT服务Ⅲ
300080.SZ,,,,,,,
300083.SZ,,,,,,,
300085.SZ,银之杰,801750.SI,计算机,801104.SI,软件开发,851041.SI,垂直应用软件
300087.SZ,荃银高科,801010.SI,农林牧渔,801016.SI,种植业,850111.SI,种子
300088.SZ,长信科技,801080.SI,电子,801084.SI,光学光电子,850831.SI,面板
300091.SZ,*ST金灵,801890.SI,机械设备,801072.SI,通用设备,850716.SI,其他通用设备
300098.SZ,,,,,,,
300100.SZ,双林股份,801880.SI,汽车,801093.SI,汽车零部件,850922.SI,车身附件及饰件
300101.SZ,,,,,,,
300102.SZ,乾照光电,801080.SI,电子,801084.SI,光学光电子,850832.SI,LED
300109.SZ,,,,,,,
300113.SZ,顺网科技,801760.SI,传媒,801764.SI,游戏Ⅱ,857641.SI,游戏Ⅲ
300114.SZ,,,,,,,
300115.SZ,长盈精密,801080.SI,电子,801085.SI,消费电子,850854.SI,消费电子零部件及组装
300118.SZ,东方日升,801730.SI,电力设备,801735.SI,光伏设备,857352.SI,光伏电池组件
300119.SZ,瑞普生物,801010.SI,农林牧渔,801018.SI,动物保健Ⅱ,850181.SI,动物保健Ⅲ
300123.SZ,,,,,,,
300127.SZ,,,,,,,
300129.SZ,泰胜风能,801730.SI,电力设备,801736.SI,风电设备,857362.SI,风电零部件
300130.SZ,新国都,801750.SI,计算机,801101.SI,计算机设备,850703.SI,其他计算机设备
300131.SZ,,,,,,,
300132.SZ,,,,,,,
300133.SZ,华策影视,801760.SI,传媒,801766.SI,影视院线,857661.SI,影视动漫制作
300134.SZ,大富科技,801770.SI,通信,801102.SI,通信设备,851024.SI,通信网络设备及器件
300140.SZ,,,,,,,
300143.SZ,,,,,,,
300145.SZ,南方泵业,801890.SI,机械设备,801072.SI,通用设备,850716.SI,其他通用设备
300149.SZ,,,,,,,
300151.SZ,昌红科技,801890.SI,机械设备,801074.SI,专用设备,850727.SI,其他专用设备
300158.SZ,,,,,,,
300166.SZ,东方国信,801750.SI,计算机,801103.SI,IT服务Ⅱ,852226.SI,IT服务Ⅲ
300170.SZ,汉得信息,801750.SI,计算机,801103.SI,IT服务Ⅱ,852226.SI,IT服务Ⅲ
300171.SZ,,,,,,,
300177.SZ,中海达,801740.SI,国防军工,801745.SI,军工电子Ⅱ,857451.SI,军工电子Ⅲ
300180.SZ,,,,,,,
300181.SZ,佐力药业,801150.SI,医药生物,801155.SI,中药Ⅱ,851521.SI,中药Ⅲ
300182.SZ,捷成股份,801760.SI,传媒,801766.SI,影视院线,857661.SI,影视动漫制作
300183.SZ,东软载波,801770.SI,通信,801102.SI,通信设备,851027.SI,其他通信设备
300184.SZ,力源信息,801080.SI,电子,801082.SI,其他电子Ⅱ,850841.SI,其他电子Ⅲ
300185.SZ,通裕重工,801730.SI,电力设备,801736.SI,风电设备,857362.SI,风电零部件
300188.SZ,国投智能,801750.SI,计算机,801104.SI,软件开发,851041.SI,垂直应用软件
300191.SZ,潜能恒信,801960.SI,石油石化,801962.SI,油服工程,859622.SI,油气及炼化工程
300199.SZ,翰宇药业,801150.SI,医药生物,801151.SI,化学制药,851512.SI,化学制剂
300203.SZ,聚光科技,801970.SI,环保,801972.SI,环保设备Ⅱ,859721.SI,环保设备Ⅲ
300204.SZ,,,,,,,
300205.SZ,*ST天喻,801770.SI,通信,801102.SI,通信设备,851026.SI,通信终端及配件
300206.SZ,理邦仪器,801150.SI,医药生物,801153.SI,医疗器械,851532.SI,医疗设备
300208.SZ,中程退(退市),801230.SI,综合,801231.SI,综合Ⅱ,852311.SI,综合Ⅲ
300215.SZ,电科院,801210.SI,社会服务,801218.SI,专业服务,852182.SI,检测服务
300219.SZ,鸿利智汇,801080.SI,电子,801084.SI,光学光电子,850832.SI,LED
300222.SZ,,,,,,,
300224.SZ,,,,,,,
300226.SZ,上海钢联,801750.SI,计算机,801104.SI,软件开发,851041.SI,垂直应用软件
300229.SZ,拓尔思,801750.SI,计算机,801104.SI,软件开发,851041.SI,垂直应用软件
300232.SZ,洲明科技,801080.SI,电子,801084.SI,光学光电子,850832.SI,LED
300233.SZ,金城医药,801150.SI,医药生物,801151.SI,化学制药,851512.SI,化学制剂
300236.SZ,,,,,,,
300244.SZ,迪安诊断,801150.SI,医药生物,801156.SI,医疗服务,851562.SI,诊断服务
300253.SZ,卫宁健康,801750.SI,计算机,801104.SI,软件开发,851041.SI,垂直应用软件
300255.SZ,,,,,,,
300257.SZ,开山股份,801890.SI,机械设备,801072.SI,通用设备,850716.SI,其他通用设备
300260.SZ,新莱应材,801890.SI,机械设备,801072.SI,通用设备,850751.SI,金属制品
300261.SZ,雅本化学,801030.SI,基础化工,801038.SI,农化制品,850333.SI,农药
300263.SZ,,,,,,,
300266.SZ,,,,,,,
300267.SZ,,,,,,,
300271.SZ,华宇软件,801750.SI,计算机,801103.SI,IT服务Ⅱ,852226.SI,IT服务Ⅲ
300276.SZ,,,,,,,
300284.SZ,苏交科,801720.SI,建筑装饰,801726.SI,工程咨询服务Ⅱ,857261.SI,工程咨询服务Ⅲ
300287.SZ,飞利信,801750.SI,计算机,801103.SI,IT服务Ⅱ,852226.SI,IT服务Ⅲ
300292.SZ,吴通控股,801770.SI,通信,801223.SI,通信服务,852214.SI,通信应用增值服务
300294.SZ,,,,,,,
300296.SZ,利亚德,801080.SI,电子,801084.SI,光学光电子,850832.SI,LED
300298.SZ,三诺生物,801150.SI,医药生物,801153.SI,医疗器械,851532.SI,医疗设备
300303.SZ,聚飞光电,801080.SI,电子,801084.SI,光学光电子,850832.SI,LED
300307.SZ,慈星股份,801890.SI,机械设备,801074.SI,专用设备,850721.SI,纺织服装设备
300311.SZ,ST任子行,801750.SI,计算机,801104.SI,软件开发,851042.SI,横向通用软件
300315.SZ,掌趣科技,801760.SI,传媒,801764.SI,游戏Ⅱ,857641.SI,游戏Ⅲ
300318.SZ,,,,,,,
300319.SZ,,,,,,,
300322.SZ,硕贝德,801080.SI,电子,801085.SI,消费电子,850854.SI,消费电子零部件及组装
300323.SZ,,,,,,,
300326.SZ,ST凯利,801150.SI,医药生物,801153.SI,医疗器械,851533.SI,医疗耗材
300327.SZ,中颖电子,801080.SI,电子,801081.SI,半导体,850814.SI,数字芯片设计
300328.SZ,,,,,,,
300332.SZ,天壕能源,801160.SI,公用事业,801163.SI,燃气Ⅱ,851631.SI,燃气Ⅲ
300337.SZ,银邦股份,801050.SI,有色金属,801055.SI,工业金属,850551.SI,铝
300339.SZ,润和软件,801750.SI,计算机,801103.SI,IT服务Ⅱ,852226.SI,IT服务Ⅲ
300341.SZ,,,,,,,
300343.SZ,,,,,,,
300346.SZ,,,,,,,
300348.SZ,长亮科技,801750.SI,计算机,801104.SI,软件开发,851041.SI,垂直应用软件
300352.SZ,北信源,801750.SI,计算机,801104.SI,软件开发,851041.SI,垂直应用软件
300355.SZ,蒙草生态,801720.SI,建筑装饰,801723.SI,基础建设,857251.SI,园林工程
300357.SZ,我武生物,801150.SI,医药生物,801152.SI,生物制品,851524.SI,其他生物制品
300358.SZ,楚天科技,801150.SI,医药生物,801153.SI,医疗器械,851532.SI,医疗设备
300360.SZ,炬华科技,801730.SI,电力设备,801738.SI,电网设备,857323.SI,电工仪器仪表
300363.SZ,,,,,,,
300365.SZ,,,,,,,
300366.SZ,ST创意,801750.SI,计算机,801104.SI,软件开发,851041.SI,垂直应用软件
300368.SZ,汇金股份,801750.SI,计算机,801101.SI,计算机设备,850703.SI,其他计算机设备
300369.SZ,绿盟科技,801750.SI,计算机,801104.SI,软件开发,851042.SI,横向通用软件
300373.SZ,扬杰科技,801080.SI,电子,801081.SI,半导体,850812.SI,分立器件
300377.SZ,赢时胜,801750.SI,计算机,801104.SI,软件开发,851041.SI,垂直应用软件
300378.SZ,鼎捷数智,801750.SI,计算机,801104.SI,软件开发,851042.SI,横向通用软件
300379.SZ,东通退(退市),801750.SI,计算机,801104.SI,软件开发,851041.SI,垂直应用软件
300382.SZ,斯莱克,801890.SI,机械设备,801074.SI,专用设备,850727.SI,其他专用设备
300386.SZ,飞天诚信,801750.SI,计算机,801101.SI,计算机设备,850703.SI,其他计算机设备
300393.SZ,中来股份,801730.SI,电力设备,801735.SI,光伏设备,857352.SI,光伏电池组件
300394.SZ,,,,,,,
300395.SZ,,,,,,,
300397.SZ,,,,,,,
300398.SZ,,,,,,,
300401.SZ,,,,,,,
300406.SZ,九强生物,801150.SI,医药生物,801153.SI,医疗器械,851534.SI,体外诊断
300409.SZ,,,,,,,
300415.SZ,伊之密,801890.SI,机械设备,801074.SI,专用设备,850727.SI,其他专用设备
300416.SZ,苏试试验,801210.SI,社会服务,801218.SI,专业服务,852182.SI,检测服务
300423.SZ,昇辉科技,801730.SI,电力设备,801738.SI,电网设备,857381.SI,输变电设备
300428.SZ,,,,,,,
300429.SZ,,,,,,,
300432.SZ,,,,,,,
300438.SZ,,,,,,,
300439.SZ,美康生物,801150.SI,医药生物,801153.SI,医疗器械,851534.SI,体外诊断
300441.SZ,鲍斯股份,801890.SI,机械设备,801072.SI,通用设备,850716.SI,其他通用设备
300443.SZ,金雷股份,801730.SI,电力设备,801736.SI,风电设备,857362.SI,风电零部件
300446.SZ,,,,,,,
300451.SZ,创业慧康,801750.SI,计算机,801104.SI,软件开发,851041.SI,垂直应用软件
300455.SZ,,,,,,,
300456.SZ,,,,,,,
300457.SZ,,,,,,,
300458.SZ,全志科技,801080.SI,电子,801081.SI,半导体,850814.SI,数字芯片设计
300459.SZ,汤姆猫,801760.SI,传媒,801764.SI,游戏Ⅱ,857641.SI,游戏Ⅲ
300463.SZ,迈克生物,801150.SI,医药生物,801153.SI,医疗器械,851534.SI,体外诊断
300468.SZ,,,,,,,
300470.SZ,中密控股,801890.SI,机械设备,801072.SI,通用设备,850716.SI,其他通用设备
300475.SZ,香农芯创,801080.SI,电子,801082.SI,其他电子Ⅱ,850841.SI,其他电子Ⅲ
300476.SZ,胜宏科技,801080.SI,电子,801083.SI,元件,850822.SI,印制电路板
300477.SZ,,,,,,,
300482.SZ,万孚生物,801150.SI,医药生物,801153.SI,医疗器械,851534.SI,体外诊断
300485.SZ,,,,,,,
300487.SZ,,,,,,,
300492.SZ,,,,,,,
300493.SZ,润欣科技,801080.SI,电子,801082.SI,其他电子Ⅱ,850841.SI,其他电子Ⅲ
300497.SZ,富祥药业,801150.SI,医药生物,801151.SI,化学制药,851511.SI,原料药
300502.SZ,,,,,,,
300510.SZ,,,,,,,
300523.SZ,辰安科技,801750.SI,计算机,801103.SI,IT服务Ⅱ,852226.SI,IT服务Ⅲ
300525.SZ,博思软件,801750.SI,计算机,801104.SI,软件开发,851041.SI,垂直应用软件
300527.SZ,ST应急,801740.SI,国防军工,801743.SI,地面兵装Ⅱ,857431.SI,地面兵装Ⅲ
300531.SZ,优博讯,801750.SI,计算机,801101.SI,计算机设备,850703.SI,其他计算机设备
300548.SZ,长芯博创,801770.SI,通信,801102.SI,通信设备,851024.SI,通信网络设备及器件
300552.SZ,万集科技,801750.SI,计算机,801101.SI,计算机设备,850703.SI,其他计算机设备
300567.SZ,精测电子,801890.SI,机械设备,801072.SI,通用设备,850731.SI,仪器仪表
300568.SZ,,,,,,,
300570.SZ,太辰光,801770.SI,通信,801102.SI,通信设备,851024.SI,通信网络设备及器件
300573.SZ,兴齐眼药,801150.SI,医药生物,801151.SI,化学制药,851512.SI,化学制剂
300576.SZ,,,,,,,
300579.SZ,,,,,,,
300580.SZ,,,,,,,
300587.SZ,天铁科技,801030.SI,基础化工,801037.SI,橡胶,850362.SI,其他橡胶制品
300590.SZ,移为通信,801770.SI,通信,801102.SI,通信设备,851026.SI,通信终端及配件
300593.SZ,,,,,,,
300595.SZ,,,,,,,
300596.SZ,,,,,,,
300598.SZ,,,,,,,
300602.SZ,,,,,,,
300604.SZ,,,,,,,
300607.SZ,,,,,,,
300613.SZ,富瀚微,801080.SI,电子,801081.SI,半导体,850814.SI,数字芯片设计
300616.SZ,尚品宅配,801140.SI,轻工制造,801142.SI,家居用品,851438.SI,定制家居
300618.SZ,,,,,,,
300620.SZ,光库科技,801770.SI,通信,801102.SI,通信设备,851024.SI,通信网络设备及器件
300623.SZ,捷捷微电,801080.SI,电子,801081.SI,半导体,850812.SI,分立器件
300624.SZ,,,,,,,
300627.SZ,,,,,,,
300630.SZ,普利退(退市),801150.SI,医药生物,801151.SI,化学制药,851512.SI,化学制剂
300633.SZ,,,,,,,
300634.SZ,彩讯股份,801750.SI,计算机,801103.SI,IT服务Ⅱ,852226.SI,IT服务Ⅲ
300638.SZ,广和通,801770.SI,通信,801102.SI,通信设备,851026.SI,通信终端及配件
300639.SZ,凯普生物,801150.SI,医药生物,801153.SI,医疗器械,851534.SI,体外诊断
300641.SZ,正丹股份,801030.SI,基础化工,801034.SI,化学制品,850339.SI,其他化学制品
300653.SZ,正海生物,801150.SI,医药生物,801153.SI,医疗器械,851533.SI,医疗耗材
300655.SZ,,,,,,,
300657.SZ,弘信电子,801080.SI,电子,801083.SI,元件,850822.SI,印制电路板
300659.SZ,中孚信息,801750.SI,计算机,801101.SI,计算机设备,850703.SI,其他计算机设备
300660.SZ,江苏雷利,801730.SI,电力设备,801731.SI,电机Ⅱ,850741.SI,电机Ⅲ
300662.SZ,科锐国际,801210.SI,社会服务,801218.SI,专业服务,852181.SI,人力资源服务
300663.SZ,科蓝软件,801750.SI,计算机,801104.SI,软件开发,851041.SI,垂直应用软件
300666.SZ,江丰电子,801080.SI,电子,801081.SI,半导体,850813.SI,半导体材料
300671.SZ,富满微,801080.SI,电子,801081.SI,半导体,850815.SI,模拟芯片设计
300672.SZ,国科微,801080.SI,电子,801081.SI,半导体,850814.SI,数字芯片设计
300674.SZ,宇信科技,801750.SI,计算机,801103.SI,IT服务Ⅱ,852226.SI,IT服务Ⅲ
300678.SZ,中科信息,801750.SI,计算机,801103.SI,IT服务Ⅱ,852226.SI,IT服务Ⅲ
300679.SZ,电连技术,801080.SI,电子,801085.SI,消费电子,850854.SI,消费电子零部件及组装
300682.SZ,朗新科技,801750.SI,计算机,801103.SI,IT服务Ⅱ,852226.SI,IT服务Ⅲ
300684.SZ,,,,,,,
300685.SZ,艾德生物,801150.SI,医药生物,801153.SI,医疗器械,851534.SI,体外诊断
300687.SZ,赛意信息,801750.SI,计算机,801103.SI,IT服务Ⅱ,852226.SI,IT服务Ⅲ
300693.SZ,盛弘股份,801730.SI,电力设备,801733.SI,其他电源设备Ⅱ,857336.SI,其他电源设备Ⅲ
300696.SZ,爱乐达,801740.SI,国防军工,801742.SI,航空装备Ⅱ,857421.SI,航空装备Ⅲ
300702.SZ,,,,,,,
300705.SZ,九典制药,801150.SI,医药生物,801151.SI,化学制药,851512.SI,化学制剂
300709.SZ,精研科技,801080.SI,电子,801085.SI,消费电子,850854.SI,消费电子零部件及组装
300718.SZ,,,,,,,
300723.SZ,一品红,801150.SI,医药生物,801151.SI,化学制药,851512.SI,化学制剂
300725.SZ,,,,,,,
300726.SZ,,,,,,,
300735.SZ,光弘科技,801080.SI,电子,801085.SI,消费电子,850854.SI,消费电子零部件及组装
300737.SZ,,,,,,,
300738.SZ,,,,,,,
300740.SZ,水羊股份,801980.SI,美容护理,801982.SI,化妆品,859822.SI,品牌化妆品
300741.SZ,,,,,,,
300747.SZ,,,,,,,
300748.SZ,金力永磁,801050.SI,有色金属,801051.SI,金属新材料,850522.SI,磁性材料
300755.SZ,华致酒行,801200.SI,商贸零售,801204.SI,专业连锁Ⅱ,852041.SI,专业连锁Ⅲ
300757.SZ,,,,,,,
300761.SZ,立华股份,801010.SI,农林牧渔,801017.SI,养殖业,850173.SI,肉鸡养殖
300762.SZ,,,,,,,
300765.SZ,新诺威,801150.SI,医药生物,801151.SI,化学制药,851511.SI,原料药
300767.SZ,震安科技,801030.SI,基础化工,801037.SI,橡胶,850362.SI,其他橡胶制品
300768.SZ,迪普科技,801750.SI,计算机,801104.SI,软件开发,851042.SI,横向通用软件
300770.SZ,新媒股份,801760.SI,传媒,801995.SI,电视广播Ⅱ,859951.SI,电视广播Ⅲ
300772.SZ,运达股份,801730.SI,电力设备,801736.SI,风电设备,857361.SI,风电整机
300773.SZ,,,,,,,
300775.SZ,三角防务,801740.SI,国防军工,801742.SI,航空装备Ⅱ,857421.SI,航空装备Ⅲ
300776.SZ,,,,,,,
300777.SZ,,,,,,,
300779.SZ,惠城环保,801970.SI,环保,801971.SI,环境治理,859713.SI,固废治理
300783.SZ,,,,,,,
300785.SZ,值得买,801760.SI,传媒,801767.SI,数字媒体,857674.SI,门户网站
300788.SZ,中信出版,801760.SI,传媒,801769.SI,出版,857692.SI,大众出版
300791.SZ,,,,,,,
300792.SZ,壹网壹创,801200.SI,商贸零售,801206.SI,互联网电商,852063.SI,电商服务
300799.SZ,左江退(退市),801750.SI,计算机,801104.SI,软件开发,851042.SI,横向通用软件
300803.SZ,指南针,801750.SI,计算机,801104.SI,软件开发,851041.SI,垂直应用软件
300809.SZ,华辰装备,801890.SI,机械设备,801072.SI,通用设备,850711.SI,机床工具
300811.SZ,铂科新材,801050.SI,有色金属,801051.SI,金属新材料,850522.SI,磁性材料
300815.SZ,玉禾田,801970.SI,环保,801971.SI,环境治理,859713.SI,固废治理
300820.SZ,英杰电气,801730.SI,电力设备,801733.SI,其他电源设备Ⅱ,857336.SI,其他电源设备Ⅲ
300821.SZ,,,,,,,
300827.SZ,上能电气,801730.SI,电力设备,801735.SI,光伏设备,857353.SI,逆变器
300829.SZ,,,,,,,
300841.SZ,康华生物,801150.SI,医药生物,801152.SI,生物制品,851523.SI,疫苗
300842.SZ,,,,,,,
300846.SZ,,,,,,,
300850.SZ,,,,,,,
300855.SZ,,,,,,,
300856.SZ,,,,,,,
300857.SZ,协创数据,801080.SI,电子,801085.SI,消费电子,850854.SI,消费电子零部件及组装
300860.SZ,锋尚文化,801210.SI,社会服务,801218.SI,专业服务,852183.SI,会展服务
300861.SZ,,,,,,,
300867.SZ,圣元环保,801970.SI,环保,801971.SI,环境治理,859713.SI,固废治理
300869.SZ,康泰医学,801150.SI,医药生物,801153.SI,医疗器械,851532.SI,医疗设备
300870.SZ,,,,,,,
300872.SZ,,,,,,,
300887.SZ,,,,,,,
300894.SZ,火星人,801110.SI,家用电器,801114.SI,厨卫电器,851141.SI,厨房电器
300900.SZ,广联航空,801740.SI,国防军工,801742.SI,航空装备Ⅱ,857421.SI,航空装备Ⅲ
300910.SZ,,,,,,,
300913.SZ,,,,,,,
300917.SZ,,,,,,,
300925.SZ,法本信息,801750.SI,计算机,801104.SI,软件开发,851041.SI,垂直应用软件
300926.SZ,博俊科技,801880.SI,汽车,801093.SI,汽车零部件,850925.SI,其他汽车零部件
300942.SZ,,,,,,,
300953.SZ,震裕科技,801730.SI,电力设备,801737.SI,电池,857371.SI,锂电池
300972.SZ,,,,,,,
300973.SZ,,,,,,,
300981.SZ,,,,,,,
301000.SZ,,,,,,,
301004.SZ,,,,,,,
301015.SZ,,,,,,,
301018.SZ,,,,,,,
301029.SZ,,,,,,,
301031.SZ,,,,,,,
301035.SZ,,,,,,,
301039.SZ,,,,,,,
301047.SZ,,,,,,,
301050.SZ,,,,,,,
301060.SZ,,,,,,,
301061.SZ,,,,,,,
301069.SZ,,,,,,,
301071.SZ,,,,,,,
301078.SZ,,,,,,,
301080.SZ,,,,,,,
301087.SZ,,,,,,,
301089.SZ,,,,,,,
301090.SZ,,,,,,,
301091.SZ,,,,,,,
301095.SZ,,,,,,,
301101.SZ,,,,,,,
301109.SZ,军信股份,801970.SI,环保,801971.SI,环境治理,859713.SI,固废治理
301127.SZ,,,,,,,
301153.SZ,中科江南,801750.SI,计算机,801104.SI,软件开发,851041.SI,垂直应用软件
301155.SZ,,,,,,,
301165.SZ,锐捷网络,801770.SI,通信,801102.SI,通信设备,851024.SI,通信网络设备及器件
301171.SZ,,,,,,,
301175.SZ,中科环保,801970.SI,环保,801971.SI,环境治理,859713.SI,固废治理
301177.SZ,,,,,,,
301180.SZ,,,,,,,
301200.SZ,大族数控,801890.SI,机械设备,801074.SI,专用设备,850727.SI,其他专用设备
301205.SZ,,,,,,,
301206.SZ,,,,,,,
301207.SZ,,,,,,,
301215.SZ,,,,,,,
301216.SZ,,,,,,,
301217.SZ,,,,,,,
301219.SZ,腾远钴业,801050.SI,有色金属,801056.SI,能源金属,850561.SI,钴
301236.SZ,软通动力,801750.SI,计算机,801103.SI,IT服务Ⅱ,852226.SI,IT服务Ⅲ
301238.SZ,瑞泰新材,801730.SI,电力设备,801737.SI,电池,857372.SI,电池化学品
301239.SZ,普瑞眼科,801150.SI,医药生物,801156.SI,医疗服务,851564.SI,医院
301246.SZ,宏源药业,801150.SI,医药生物,801151.SI,化学制药,851511.SI,原料药
301262.SZ,,,,,,,
301263.SZ,,,,,,,
301267.SZ,华厦眼科,801150.SI,医药生物,801156.SI,医疗服务,851564.SI,医院
301268.SZ,铭利达,801890.SI,机械设备,801072.SI,通用设备,850751.SI,金属制品
301275.SZ,汉朔科技,801080.SI,电子,801082.SI,其他电子Ⅱ,850841.SI,其他电子Ⅲ
301286.SZ,侨源股份,801030.SI,基础化工,801034.SI,化学制品,850339.SI,其他化学制品
301291.SZ,,,,,,,
301293.SZ,三博脑科,801150.SI,医药生物,801156.SI,医疗服务,851564.SI,医院
301297.SZ,富乐德,801080.SI,电子,801081.SI,半导体,850818.SI,半导体设备
301301.SZ,,,,,,,
301308.SZ,,,,,,,
301316.SZ,慧博云通,801750.SI,计算机,801103.SI,IT服务Ⅱ,852226.SI,IT服务Ⅲ
301325.SZ,,,,,,,
301327.SZ,,,,,,,
301339.SZ,通行宝,801750.SI,计算机,801101.SI,计算机设备,850703.SI,其他计算机设备
301345.SZ,涛涛车业,801880.SI,汽车,801881.SI,摩托车及其他,858812.SI,摩托车
301348.SZ,,,,,,,
301358.SZ,,,,,,,
301363.SZ,美好医疗,801150.SI,医药生物,801153.SI,医疗器械,851532.SI,医疗设备
301367.SZ,,,,,,,
301371.SZ,,,,,,,
301376.SZ,,,,,,,
301377.SZ,鼎泰高科,801890.SI,机械设备,801072.SI,通用设备,850751.SI,金属制品
301381.SZ,,,,,,,
301392.SZ,,,,,,,
301458.SZ,,,,,,,
301487.SZ,,,,,,,
301498.SZ,,,,,,,
301500.SZ,,,,,,,
301508.SZ,,,,,,,
301510.SZ,,,,,,,
301511.SZ,,,,,,,
301522.SZ,,,,,,,
301526.SZ,,,,,,,
301536.SZ,,,,,,,
301550.SZ,,,,,,,
301551.SZ,,,,,,,
301556.SZ,,,,,,,
301558.SZ,,,,,,,
301559.SZ,,,,,,,
301565.SZ,,,,,,,
301571.SZ,,,,,,,
301589.SZ,,,,,,,
301592.SZ,六九一二,801740.SI,国防军工,801745.SI,军工电子Ⅱ,857451.SI,军工电子Ⅲ
301600.SZ,,,,,,,
301602.SZ,,,,,,,
301606.SZ,,,,,,,
301611.SZ,,,,,,,
301622.SZ,,,,,,,
301626.SZ,,,,,,,
301631.SZ,壹连科技,801880.SI,汽车,801093.SI,汽车零部件,850926.SI,汽车电子电气系统
301658.SZ,,,,,,,
301665.SZ,,,,,,,
301678.SZ,,,,,,,
302132.SZ,,,,,,,
600006.SH,东风股份,801880.SI,汽车,801096.SI,商用车,850912.SI,商用载货车
600007.SH,,,,,,,
600012.SH,皖通高速,801170.SI,交通运输,801179.SI,铁路公路,851731.SI,高速公路
600017.SH,日照港,801170.SI,交通运输,801992.SI,航运港口,851711.SI,港口
600020.SH,中原高速,801170.SI,交通运输,801179.SI,铁路公路,851731.SI,高速公路
600022.SH,山东钢铁,801040.SI,钢铁,801044.SI,普钢,850442.SI,板材
600032.SH,,,,,,,
600033.SH,福建高速,801170.SI,交通运输,801179.SI,铁路公路,851731.SI,高速公路
600037.SH,歌华有线,801760.SI,传媒,801995.SI,电视广播Ⅱ,859951.SI,电视广播Ⅲ
600055.SH,万东医疗,801150.SI,医药生物,801153.SI,医疗器械,851532.SI,医疗设备
600056.SH,,,,,,,
600057.SH,,,,,,,
600058.SH,五矿发展,801200.SI,商贸零售,801202.SI,贸易Ⅱ,852021.SI,贸易Ⅲ
600059.SH,,,,,,,
600063.SH,皖维高新,801030.SI,基础化工,801032.SI,化学纤维,850344.SI,其他化学纤维
600064.SH,南京高科,801180.SI,房地产,801181.SI,房地产开发,851811.SI,住宅开发
600072.SH,,,,,,,
600073.SH,光明肉业,801120.SI,食品饮料,801124.SI,食品加工,851241.SI,肉制品
600075.SH,新疆天业,801030.SI,基础化工,801033.SI,化学原料,850322.SI,氯碱
600094.SH,大名城,801180.SI,房地产,801181.SI,房地产开发,851811.SI,住宅开发
600098.SH,广州发展,801160.SI,公用事业,801161.SI,电力,851611.SI,火力发电
600100.SH,同方股份,801750.SI,计算机,801101.SI,计算机设备,850703.SI,其他计算机设备
600103.SH,青山纸业,801140.SI,轻工制造,801143.SI,造纸,851413.SI,特种纸
600105.SH,永鼎股份,801770.SI,通信,801102.SI,通信设备,851025.SI,通信线缆及配套
600108.SH,亚盛集团,801010.SI,农林牧渔,801016.SI,种植业,850113.SI,其他种植业
600110.SH,,,,,,,
600113.SH,,,,,,,
600114.SH,,,,,,,
600116.SH,,,,,,,
600120.SH,,,,,,,
600123.SH,兰花科创,801950.SI,煤炭,801951.SI,煤炭开采,859512.SI,焦煤
600125.SH,铁龙物流,801170.SI,交通运输,801179.SI,铁路公路,851771.SI,铁路运输
600129.SH,太极集团,801150.SI,医药生物,801155.SI,中药Ⅱ,851521.SI,中药Ⅲ
600133.SH,,,,,,,
600138.SH,,,,,,,
600151.SH,,,,,,,
600155.SH,华创云信,801790.SI,非银金融,801193.SI,证券Ⅱ,851931.SI,证券Ⅲ
600158.SH,,,,,,,
600163.SH,中闽能源,801160.SI,公用事业,801161.SI,电力,851617.SI,风力发电
600167.SH,联美控股,801160.SI,公用事业,801161.SI,电力,851614.SI,热力服务
600169.SH,ST太重,801890.SI,机械设备,801074.SI,专用设备,850725.SI,能源及重型设备
600171.SH,上海贝岭,801080.SI,电子,801081.SI,半导体,850815.SI,模拟芯片设计
600172.SH,黄河旋风,801890.SI,机械设备,801072.SI,通用设备,850713.SI,磨具磨料
600179.SH,,,,,,,
600184.SH,光电股份,801740.SI,国防军工,801743.SI,地面兵装Ⅱ,857431.SI,地面兵装Ⅲ
600185.SH,珠免集团,801180.SI,房地产,801181.SI,房地产开发,851811.SI,住宅开发
600186.SH,莲花控股,801120.SI,食品饮料,801129.SI,调味发酵品Ⅱ,851242.SI,调味发酵品Ⅲ
600195.SH,中牧股份,801010.SI,农林牧渔,801018.SI,动物保健Ⅱ,850181.SI,动物保健Ⅲ
600197.SH,伊力特,801120.SI,食品饮料,801125.SI,白酒Ⅱ,851251.SI,白酒Ⅲ
600201.SH,生物股份,801010.SI,农林牧渔,801018.SI,动物保健Ⅱ,850181.SI,动物保健Ⅲ
600206.SH,,,,,,,
600210.SH,紫江企业,801140.SI,轻工制造,801141.SI,包装印刷,851424.SI,塑料包装
600211.SH,,,,,,,
600216.SH,浙江医药,801150.SI,医药生物,801151.SI,化学制药,851511.SI,原料药
600217.SH,,,,,,,
600223.SH,,,,,,,
600225.SH,,,,,,,
600246.SH,,,,,,,
600248.SH,,,,,,,
600252.SH,中恒集团,801150.SI,医药生物,801155.SI,中药Ⅱ,851521.SI,中药Ⅲ
600258.SH,首旅酒店,801210.SI,社会服务,801219.SI,酒店餐饮,852121.SI,酒店
600259.SH,,,,,,,
600261.SH,,,,,,,
600266.SH,城建发展,801180.SI,房地产,801181.SI,房地产开发,851811.SI,住宅开发
600267.SH,,,,,,,
600269.SH,赣粤高速,801170.SI,交通运输,801179.SI,铁路公路,851731.SI,高速公路
600273.SH,嘉化能源,801030.SI,基础化工,801034.SI,化学制品,850339.SI,其他化学制品
600277.SH,ST亿利(退市),801030.SI,基础化工,801033.SI,化学原料,850322.SI,氯碱
600284.SH,浦东建设,801720.SI,建筑装饰,801723.SI,基础建设,857236.SI,基建市政工程
600285.SH,羚锐制药,801150.SI,医药生物,801155.SI,中药Ⅱ,851521.SI,中药Ⅲ
600292.SH,,,,,,,
600295.SH,鄂尔多斯,801040.SI,钢铁,801043.SI,冶钢原料,850432.SI,冶钢辅料
600297.SH,,,,,,,
600301.SH,,,,,,,
600305.SH,恒顺醋业,801120.SI,食品饮料,801129.SI,调味发酵品Ⅱ,851242.SI,调味发酵品Ⅲ
600308.SH,华泰股份,801140.SI,轻工制造,801143.SI,造纸,851412.SI,大宗用纸
600312.SH,平高电气,801730.SI,电力设备,801738.SI,电网设备,857381.SI,输变电设备
600313.SH,,,,,,,
600315.SH,上海家化,801980.SI,美容护理,801982.SI,化妆品,859822.SI,品牌化妆品
600320.SH,振华重工,801890.SI,机械设备,801074.SI,专用设备,850725.SI,能源及重型设备
600323.SH,瀚蓝环境,801970.SI,环保,801971.SI,环境治理,859713.SI,固废治理
600325.SH,华发股份,801180.SI,房地产,801181.SI,房地产开发,851811.SI,住宅开发
600326.SH,,,,,,,
600328.SH,中盐化工,801030.SI,基础化工,801033.SI,化学原料,850323.SI,无机盐
600330.SH,,,,,,,
600331.SH,,,,,,,
600335.SH,国机汽车,801880.SI,汽车,801092.SI,汽车服务,850232.SI,汽车经销商
600337.SH,美克家居,801140.SI,轻工制造,801142.SI,家居用品,851437.SI,成品家居
600338.SH,西藏珠峰,801050.SI,有色金属,801055.SI,工业金属,850553.SI,铅锌
600340.SH,,,,,,,
600343.SH,,,,,,,
600353.SH,,,,,,,
600360.SH,*ST华微,801080.SI,电子,801081.SI,半导体,850812.SI,分立器件
600361.SH,,,,,,,
600363.SH,联创光电,801080.SI,电子,801085.SI,消费电子,850854.SI,消费电子零部件及组装
600366.SH,,,,,,,
600370.SH,,,,,,,
600373.SH,中文传媒,801760.SI,传媒,801769.SI,出版,857692.SI,大众出版
600378.SH,,,,,,,
600388.SH,,,,,,,
600389.SH,江山股份,801030.SI,基础化工,801038.SI,农化制品,850333.SI,农药
600391.SH,航发科技,801740.SI,国防军工,801742.SI,航空装备Ⅱ,857421.SI,航空装备Ⅲ
600395.SH,盘江股份,801950.SI,煤炭,801951.SI,煤炭开采,859512.SI,焦煤
600399.SH,抚顺特钢,801040.SI,钢铁,801045.SI,特钢Ⅱ,850412.SI,特钢Ⅲ
600400.SH,红豆股份,801130.SI,纺织服饰,801132.SI,服装家纺,851329.SI,非运动服装
600403.SH,大有能源,801950.SI,煤炭,801951.SI,煤炭开采,859511.SI,动力煤
600409.SH,,,,,,,
600416.SH,,,,,,,
600420.SH,国药现代,801150.SI,医药生物,801151.SI,化学制药,851512.SI,化学制剂
600422.SH,昆药集团,801150.SI,医药生物,801155.SI,中药Ⅱ,851521.SI,中药Ⅲ
600428.SH,中远海特,801170.SI,交通运输,801992.SI,航运港口,851761.SI,航运
600446.SH,金证股份,801750.SI,计算机,801103.SI,IT服务Ⅱ,852226.SI,IT服务Ⅲ
600449.SH,宁夏建材,801710.SI,建筑材料,801711.SI,水泥,857111.SI,水泥制造
600452.SH,,,,,,,
600456.SH,宝钛股份,801050.SI,有色金属,801054.SI,小金属,850544.SI,其他小金属
600458.SH,,,,,,,
600459.SH,,,,,,,
600461.SH,洪城环境,801970.SI,环保,801971.SI,环境治理,859712.SI,水务及水治理
600475.SH,,,,,,,
600477.SH,杭萧钢构,801720.SI,建筑装饰,801724.SI,专业工程,857241.SI,钢结构
600478.SH,,,,,,,
600480.SH,凌云股份,801880.SI,汽车,801093.SI,汽车零部件,850925.SI,其他汽车零部件
600481.SH,,,,,,,
600483.SH,,,,,,,
600490.SH,,,,,,,
600491.SH,龙元建设,801720.SI,建筑装饰,801721.SI,房屋建设Ⅱ,850623.SI,房屋建设Ⅲ
600496.SH,精工钢构,801720.SI,建筑装饰,801724.SI,专业工程,857241.SI,钢结构
600502.SH,安徽建工,801720.SI,建筑装饰,801723.SI,基础建设,857236.SI,基建市政工程
600507.SH,方大特钢,801040.SI,钢铁,801045.SI,特钢Ⅱ,850412.SI,特钢Ⅲ
600508.SH,上海能源,801950.SI,煤炭,801951.SI,煤炭开采,859512.SI,焦煤
600509.SH,,,,,,,
600510.SH,黑牡丹,801180.SI,房地产,801181.SI,房地产开发,851811.SI,住宅开发
600512.SH,腾达建设,801720.SI,建筑装饰,801723.SI,基础建设,857236.SI,基建市政工程
600523.SH,贵航股份,801880.SI,汽车,801093.SI,汽车零部件,850925.SI,其他汽车零部件
600529.SH,山东药玻,801150.SI,医药生物,801153.SI,医疗器械,851533.SI,医疗耗材
600531.SH,豫光金铅,801050.SI,有色金属,801055.SI,工业金属,850553.SI,铅锌
600548.SH,深高速,801170.SI,交通运输,801179.SI,铁路公路,851731.SI,高速公路
600550.SH,保变电气,801730.SI,电力设备,801738.SI,电网设备,857381.SI,输变电设备
600552.SH,凯盛科技,801080.SI,电子,801084.SI,光学光电子,850831.SI,面板
600556.SH,,,,,,,
600557.SH,康缘药业,801150.SI,医药生物,801155.SI,中药Ⅱ,851521.SI,中药Ⅲ
600559.SH,老白干酒,801120.SI,食品饮料,801125.SI,白酒Ⅱ,851251.SI,白酒Ⅲ
600562.SH,,,,,,,
600565.SH,ST迪马(退市),801180.SI,房地产,801181.SI,房地产开发,851811.SI,住宅开发
600569.SH,安阳钢铁,801040.SI,钢铁,801044.SI,普钢,850442.SI,板材
600572.SH,康恩贝,801150.SI,医药生物,801155.SI,中药Ⅱ,851521.SI,中药Ⅲ
600575.SH,,,,,,,
600577.SH,,,,,,,
600578.SH,京能电力,801160.SI,公用事业,801161.SI,电力,851611.SI,火力发电
600581.SH,八一钢铁,801040.SI,钢铁,801044.SI,普钢,850442.SI,板材
600583.SH,海油工程,801960.SI,石油石化,801962.SI,油服工程,859622.SI,油气及炼化工程
600586.SH,金晶科技,801710.SI,建筑材料,801712.SI,玻璃玻纤,857121.SI,玻璃制造
600587.SH,新华医疗,801150.SI,医药生物,801153.SI,医疗器械,851532.SI,医疗设备
600590.SH,,,,,,,
600595.SH,中孚实业,801050.SI,有色金属,801055.SI,工业金属,850551.SI,铝
600596.SH,,,,,,,
600597.SH,光明乳业,801120.SI,食品饮料,801127.SI,饮料乳品,851243.SI,乳品
600601.SH,方正科技,801080.SI,电子,801083.SI,元件,850822.SI,印制电路板
600602.SH,,,,,,,
600604.SH,市北高新,801180.SI,房地产,801181.SI,房地产开发,851813.SI,产业地产
600610.SH,,,,,,,
600612.SH,老凤祥,801130.SI,纺织服饰,801133.SI,饰品,851331.SI,钟表珠宝
600618.SH,氯碱化工,801030.SI,基础化工,801033.SI,化学原料,850322.SI,氯碱
600619.SH,海立股份,801110.SI,家用电器,801116.SI,家电零部件Ⅱ,851161.SI,家电零部件Ⅲ
600621.SH,华鑫股份,801790.SI,非银金融,801193.SI,证券Ⅱ,851931.SI,证券Ⅲ
600623.SH,,,,,,,
600629.SH,,,,,,,
600633.SH,浙数文化,801760.SI,传媒,801764.SI,游戏Ⅱ,857641.SI,游戏Ⅲ
600635.SH,,,,,,,
600639.SH,浦东金桥,801180.SI,房地产,801181.SI,房地产开发,851813.SI,产业地产
600640.SH,,,,,,,
600641.SH,先导基电,801180.SI,房地产,801181.SI,房地产开发,851811.SI,住宅开发
600643.SH,爱建集团,801790.SI,非银金融,801191.SI,多元金融,851922.SI,金融控股
600645.SH,,,,,,,
600648.SH,外高桥,801180.SI,房地产,801181.SI,房地产开发,851813.SI,产业地产
600649.SH,城投控股,801180.SI,房地产,801181.SI,房地产开发,851811.SI,住宅开发
600651.SH,,,,,,,
600654.SH,,,,,,,
600657.SH,信达地产,801180.SI,房地产,801181.SI,房地产开发,851811.SI,住宅开发
600662.SH,,,,,,,
600664.SH,哈药股份,801150.SI,医药生物,801151.SI,化学制药,851512.SI,化学制剂
600667.SH,,,,,,,
600675.SH,中华企业,801180.SI,房地产,801181.SI,房地产开发,851811.SI,住宅开发
600682.SH,,,,,,,
600685.SH,中船防务,801740.SI,国防军工,801744.SI,航海装备Ⅱ,850935.SI,航海装备Ⅲ
600686.SH,金龙汽车,801880.SI,汽车,801096.SI,商用车,850913.SI,商用载客车
600688.SH,上海石化,801960.SI,石油石化,801963.SI,炼化及贸易,859631.SI,炼油化工
600691.SH,,,,,,,
600694.SH,大商股份,801200.SI,商贸零售,801203.SI,一般零售,852033.SI,多业态零售
600696.SH,,,,,,,
600710.SH,苏美达,801200.SI,商贸零售,801202.SI,贸易Ⅱ,852021.SI,贸易Ⅲ
600711.SH,,,,,,,
600715.SH,文投控股,801760.SI,传媒,801764.SI,游戏Ⅱ,857641.SI,游戏Ⅲ
600717.SH,天津港,801170.SI,交通运输,801992.SI,航运港口,851711.SI,港口
600718.SH,东软集团,801750.SI,计算机,801103.SI,IT服务Ⅱ,852226.SI,IT服务Ⅲ
600720.SH,,,,,,,
600726.SH,华电能源,801160.SI,公用事业,801161.SI,电力,851611.SI,火力发电
600728.SH,,,,,,,
600729.SH,重庆百货,801200.SI,商贸零售,801203.SI,一般零售,852033.SI,多业态零售
600740.SH,山西焦化,801950.SI,煤炭,801952.SI,焦炭Ⅱ,859521.SI,焦炭Ⅲ
600742.SH,富维股份,801880.SI,汽车,801093.SI,汽车零部件,850922.SI,车身附件及饰件
600744.SH,华银电力,801160.SI,公用事业,801161.SI,电力,851611.SI,火力发电
600746.SH,,,,,,,
600748.SH,上实发展,801180.SI,房地产,801181.SI,房地产开发,851811.SI,住宅开发
600750.SH,华润江中,801150.SI,医药生物,801155.SI,中药Ⅱ,851521.SI,中药Ⅲ
600751.SH,,,,,,,
600757.SH,,,,,,,
600759.SH,,,,,,,
600761.SH,安徽合力,801890.SI,机械设备,801077.SI,工程机械,850771.SI,工程机械整机
600770.SH,综艺股份,801230.SI,综合,801231.SI,综合Ⅱ,852311.SI,综合Ⅲ
600771.SH,广誉远,801150.SI,医药生物,801155.SI,中药Ⅱ,851521.SI,中药Ⅲ
600773.SH,,,,,,,
600775.SH,,,,,,,
600776.SH,东方通信,801770.SI,通信,801102.SI,通信设备,851027.SI,其他通信设备
600777.SH,,,,,,,
600780.SH,,,,,,,
600782.SH,新钢股份,801040.SI,钢铁,801044.SI,普钢,850442.SI,板材
600783.SH,,,,,,,
600787.SH,中储股份,801170.SI,交通运输,801178.SI,物流,851786.SI,仓储物流
600789.SH,鲁抗医药,801150.SI,医药生物,801151.SI,化学制药,851512.SI,化学制剂
600797.SH,浙大网新,801750.SI,计算机,801103.SI,IT服务Ⅱ,852226.SI,IT服务Ⅲ
600800.SH,,,,,,,
600810.SH,,,,,,,
600811.SH,,,,,,,
600812.SH,华北制药,801150.SI,医药生物,801151.SI,化学制药,851512.SI,化学制剂
600821.SH,,,,,,,
600827.SH,百联股份,801200.SI,商贸零售,801203.SI,一般零售,852033.SI,多业态零售
600835.SH,上海机电,801890.SI,机械设备,801074.SI,专用设备,850728.SI,楼宇设备
600841.SH,,,,,,,
600850.SH,电科数字,801750.SI,计算机,801103.SI,IT服务Ⅱ,852226.SI,IT服务Ⅲ
600855.SH,,,,,,,
600859.SH,王府井,801200.SI,商贸零售,801203.SI,一般零售,852031.SI,百货
600861.SH,,,,,,,
600864.SH,哈投股份,801790.SI,非银金融,801193.SI,证券Ⅱ,851931.SI,证券Ⅲ
600866.SH,,,,,,,
600867.SH,通化东宝,801150.SI,医药生物,801152.SI,生物制品,851524.SI,其他生物制品
600869.SH,,,,,,,
600872.SH,中炬高新,801120.SI,食品饮料,801129.SI,调味发酵品Ⅱ,851242.SI,调味发酵品Ⅲ
600873.SH,,,,,,,
600874.SH,创业环保,801970.SI,环保,801971.SI,环境治理,859712.SI,水务及水治理
600876.SH,凯盛新能,801710.SI,建筑材料,801712.SI,玻璃玻纤,857121.SI,玻璃制造
600877.SH,,,,,,,
600882.SH,,,,,,,
600888.SH,新疆众和,801050.SI,有色金属,801055.SI,工业金属,850551.SI,铝
600894.SH,广日股份,801890.SI,机械设备,801074.SI,专用设备,850728.SI,楼宇设备
600903.SH,贵州燃气,801160.SI,公用事业,801163.SI,燃气Ⅱ,851631.SI,燃气Ⅲ
600908.SH,无锡银行,801780.SI,银行,801785.SI,农商行Ⅱ,857851.SI,农商行Ⅲ
600916.SH,,,,,,,
600928.SH,西安银行,801780.SI,银行,801784.SI,城商行Ⅱ,857841.SI,城商行Ⅲ
600929.SH,,,,,,,
600933.SH,爱柯迪,801880.SI,汽车,801093.SI,汽车零部件,850923.SI,底盘与发动机系统
600935.SH,,,,,,,
600955.SH,,,,,,,
600961.SH,株冶集团,801050.SI,有色金属,801055.SI,工业金属,850553.SI,铅锌
600963.SH,岳阳林纸,801140.SI,轻工制造,801143.SI,造纸,851412.SI,大宗用纸
600966.SH,博汇纸业,801140.SI,轻工制造,801143.SI,造纸,851412.SI,大宗用纸
600967.SH,内蒙一机,801740.SI,国防军工,801743.SI,地面兵装Ⅱ,857431.SI,地面兵装Ⅲ
600971.SH,恒源煤电,801950.SI,煤炭,801951.SI,煤炭开采,859511.SI,动力煤
600975.SH,新五丰,801010.SI,农林牧渔,801017.SI,养殖业,850172.SI,生猪养殖
600976.SH,健民集团,801150.SI,医药生物,801155.SI,中药Ⅱ,851521.SI,中药Ⅲ
600977.SH,中国电影,801760.SI,传媒,801766.SI,影视院线,857661.SI,影视动漫制作
600984.SH,建设机械,801890.SI,机械设备,801077.SI,工程机械,850771.SI,工程机械整机
600986.SH,浙文互联,801760.SI,传媒,801765.SI,广告营销,857651.SI,营销代理
600987.SH,航民股份,801130.SI,纺织服饰,801131.SI,纺织制造,851314.SI,印染
600990.SH,,,,,,,
600993.SH,马应龙,801150.SI,医药生物,801155.SI,中药Ⅱ,851521.SI,中药Ⅲ
600995.SH,,,,,,,
600996.SH,,,,,,,
600997.SH,,,,,,,
601001.SH,晋控煤业,801950.SI,煤炭,801951.SI,煤炭开采,859511.SI,动力煤
601003.SH,柳钢股份,801040.SI,钢铁,801044.SI,普钢,850442.SI,板材
601011.SH,,,,,,,
601015.SH,陕西黑猫,801950.SI,煤炭,801952.SI,焦炭Ⅱ,859521.SI,焦炭Ⅲ
601019.SH,山东出版,801760.SI,传媒,801769.SI,出版,857691.SI,教育出版
601020.SH,,,,,,,
601022.SH,宁波远洋,801170.SI,交通运输,801992.SI,航运港口,851761.SI,航运
601028.SH,,,,,,,
601033.SH,永兴股份,801970.SI,环保,801971.SI,环境治理,859713.SI,固废治理
601038.SH,一拖股份,801890.SI,机械设备,801074.SI,专用设备,850723.SI,农用机械
601068.SH,中铝国际,801720.SI,建筑装饰,801724.SI,专业工程,857244.SI,其他专业工程
601069.SH,西部黄金,801050.SI,有色金属,801053.SI,贵金属,850531.SI,黄金
601083.SH,,,,,,,
601089.SH,福元医药,801150.SI,医药生物,801151.SI,化学制药,851512.SI,化学制剂
601096.SH,,,,,,,
601099.SH,太平洋,801790.SI,非银金融,801193.SI,证券Ⅱ,851931.SI,证券Ⅲ
601101.SH,昊华能源,801950.SI,煤炭,801951.SI,煤炭开采,859511.SI,动力煤
601107.SH,四川成渝,801170.SI,交通运输,801179.SI,铁路公路,851731.SI,高速公路
601126.SH,四方股份,801730.SI,电力设备,801738.SI,电网设备,857321.SI,电网自动化设备
601137.SH,,,,,,,
601158.SH,,,,,,,
601163.SH,三角轮胎,801880.SI,汽车,801093.SI,汽车零部件,850924.SI,轮胎轮毂
601187.SH,厦门银行,801780.SI,银行,801784.SI,城商行Ⅱ,857841.SI,城商行Ⅲ
601200.SH,,,,,,,
601208.SH,,,,,,,
601212.SH,,,,,,,
601222.SH,,,,,,,
601231.SH,环旭电子,801080.SI,电子,801085.SI,消费电子,850854.SI,消费电子零部件及组装
601258.SH,*ST庞大(退市),801880.SI,汽车,801092.SI,汽车服务,850232.SI,汽车经销商
601279.SH,,,,,,,
601311.SH,骆驼股份,801730.SI,电力设备,801737.SI,电池,857375.SI,蓄电池及其他电池
601326.SH,秦港股份,801170.SI,交通运输,801992.SI,航运港口,851711.SI,港口
601330.SH,绿色动力,801970.SI,环保,801971.SI,环境治理,859713.SI,固废治理
601333.SH,广深铁路,801170.SI,交通运输,801179.SI,铁路公路,851771.SI,铁路运输
601369.SH,,,,,,,
601375.SH,,,,,,,
601399.SH,,,,,,,
601500.SH,通用股份,801880.SI,汽车,801093.SI,汽车零部件,850924.SI,轮胎轮毂
601515.SH,衢州东峰,801140.SI,轻工制造,801141.SI,包装印刷,851425.SI,纸包装
601519.SH,大智慧,801750.SI,计算机,801104.SI,软件开发,851041.SI,垂直应用软件
601528.SH,,,,,,,
601567.SH,,,,,,,
601588.SH,北辰实业,801180.SI,房地产,801181.SI,房地产开发,851811.SI,住宅开发
601595.SH,上海电影,801760.SI,传媒,801766.SI,影视院线,857661.SI,影视动漫制作
601606.SH,,,,,,,
601609.SH,金田股份,801050.SI,有色金属,801055.SI,工业金属,850552.SI,铜
601619.SH,嘉泽新能,801160.SI,公用事业,801161.SI,电力,851617.SI,风力发电
601636.SH,旗滨集团,801710.SI,建筑材料,801712.SI,玻璃玻纤,857121.SI,玻璃制造
601666.SH,平煤股份,801950.SI,煤炭,801951.SI,煤炭开采,859512.SI,焦煤
601677.SH,明泰铝业,801050.SI,有色金属,801055.SI,工业金属,850551.SI,铝
601678.SH,,,,,,,
601686.SH,,,,,,,
601700.SH,风范股份,801730.SI,电力设备,801738.SI,电网设备,857344.SI,线缆部件及其他
601702.SH,,,,,,,
601718.SH,际华集团,801130.SI,纺织服饰,801132.SI,服装家纺,851329.SI,非运动服装
601777.SH,千里科技,801880.SI,汽车,801881.SI,摩托车及其他,858812.SI,摩托车
601778.SH,,,,,,,
601801.SH,皖新传媒,801760.SI,传媒,801769.SI,出版,857692.SI,大众出版
601811.SH,新华文轩,801760.SI,传媒,801769.SI,出版,857691.SI,教育出版
601827.SH,三峰环境,801970.SI,环保,801971.SI,环境治理,859713.SI,固废治理
601858.SH,中国科传,801760.SI,传媒,801769.SI,出版,857692.SI,大众出版
601860.SH,紫金银行,801780.SI,银行,801785.SI,农商行Ⅱ,857851.SI,农商行Ⅲ
601869.SH,长飞光纤,801770.SI,通信,801102.SI,通信设备,851025.SI,通信线缆及配套
601882.SH,海天精工,801890.SI,机械设备,801072.SI,通用设备,850711.SI,机床工具
601886.SH,江河集团,801720.SI,建筑装饰,801722.SI,装修装饰Ⅱ,857221.SI,装修装饰Ⅲ
601890.SH,亚星锚链,801740.SI,国防军工,801744.SI,航海装备Ⅱ,850935.SI,航海装备Ⅲ
601900.SH,南方传媒,801760.SI,传媒,801769.SI,出版,857691.SI,教育出版
601908.SH,京运通,801160.SI,公用事业,801161.SI,电力,851616.SI,光伏发电
601918.SH,新集能源,801950.SI,煤炭,801951.SI,煤炭开采,859511.SI,动力煤
601921.SH,,,,,,,
601929.SH,吉视传媒,801760.SI,传媒,801995.SI,电视广播Ⅱ,859951.SI,电视广播Ⅲ
601949.SH,中国出版,801760.SI,传媒,801769.SI,出版,857692.SI,大众出版
601952.SH,苏垦农发,801010.SI,农林牧渔,801016.SI,种植业,850112.SI,粮食种植
601963.SH,,,,,,,
601965.SH,中国汽研,801880.SI,汽车,801092.SI,汽车服务,850233.SI,汽车综合服务
601969.SH,,,,,,,
601975.SH,招商南油,801170.SI,交通运输,801992.SI,航运港口,851761.SI,航运
603005.SH,晶方科技,801080.SI,电子,801081.SI,半导体,850817.SI,集成电路封测
603008.SH,喜临门,801140.SI,轻工制造,801142.SI,家居用品,851437.SI,成品家居
603009.SH,北特科技,801880.SI,汽车,801093.SI,汽车零部件,850923.SI,底盘与发动机系统
603010.SH,万盛股份,801030.SI,基础化工,801034.SI,化学制品,850339.SI,其他化学制品
603013.SH,,,,,,,
603014.SH,,,,,,,
603018.SH,,,,,,,
603025.SH,大豪科技,801890.SI,机械设备,801078.SI,自动化设备,850782.SI,工控设备
603026.SH,,,,,,,
603027.SH,千禾味业,801120.SI,食品饮料,801129.SI,调味发酵品Ⅱ,851242.SI,调味发酵品Ⅲ
603032.SH,,,,,,,
603033.SH,三维股份,801030.SI,基础化工,801037.SI,橡胶,850362.SI,其他橡胶制品
603039.SH,泛微网络,801750.SI,计算机,801104.SI,软件开发,851042.SI,横向通用软件
603043.SH,,,,,,,
603053.SH,成都燃气,801160.SI,公用事业,801163.SI,燃气Ⅱ,851631.SI,燃气Ⅲ
603055.SH,台华新材,801130.SI,纺织服饰,801131.SI,纺织制造,851316.SI,其他纺织
603056.SH,,,,,,,
603057.SH,紫燕食品,801120.SI,食品饮料,801128.SI,休闲食品,851283.SI,熟食
603060.SH,,,,,,,
603063.SH,禾望电气,801730.SI,电力设备,801736.SI,风电设备,857362.SI,风电零部件
603068.SH,博通集成,801080.SI,电子,801081.SI,半导体,850815.SI,模拟芯片设计
603071.SH,,,,,,,
603072.SH,,,,,,,
603075.SH,,,,,,,
603083.SH,剑桥科技,801770.SI,通信,801102.SI,通信设备,851026.SI,通信终端及配件
603087.SH,甘李药业,801150.SI,医药生物,801152.SI,生物制品,851524.SI,其他生物制品
603093.SH,南华期货,801790.SI,非银金融,801191.SI,多元金融,851923.SI,期货
603098.SH,森特股份,801720.SI,建筑装饰,801724.SI,专业工程,857241.SI,钢结构
603099.SH,,,,,,,
603100.SH,,,,,,,
603103.SH,横店影视,801760.SI,传媒,801766.SI,影视院线,857662.SI,院线
603105.SH,芯能科技,801160.SI,公用事业,801161.SI,电力,851616.SI,光伏发电
603108.SH,,,,,,,
603113.SH,,,,,,,
603118.SH,,,,,,,
603119.SH,,,,,,,
603123.SH,翠微股份,801200.SI,商贸零售,801203.SI,一般零售,852031.SI,百货
603127.SH,昭衍新药,801150.SI,医药生物,801156.SI,医疗服务,851563.SI,医疗研发外包
603128.SH,华贸物流,801170.SI,交通运输,801178.SI,物流,851785.SI,跨境物流
603129.SH,,,,,,,
603132.SH,金徽股份,801050.SI,有色金属,801055.SI,工业金属,850553.SI,铅锌
603162.SH,海通发展,801170.SI,交通运输,801992.SI,航运港口,851761.SI,航运
603169.SH,,,,,,,
603170.SH,,,,,,,
603171.SH,,,,,,,
603179.SH,新泉股份,801880.SI,汽车,801093.SI,汽车零部件,850926.SI,汽车电子电气系统
603180.SH,金牌家居,801140.SI,轻工制造,801142.SI,家居用品,851438.SI,定制家居
603187.SH,海容冷链,801890.SI,机械设备,801072.SI,通用设备,850715.SI,制冷空调设备
603193.SH,,,,,,,
603194.SH,,,,,,,
603197.SH,保隆科技,801880.SI,汽车,801093.SI,汽车零部件,850925.SI,其他汽车零部件
603202.SH,天有为,801880.SI,汽车,801093.SI,汽车零部件,850926.SI,汽车电子电气系统
603208.SH,江山欧派,801140.SI,轻工制造,801142.SI,家居用品,851438.SI,定制家居
603212.SH,赛伍技术,801730.SI,电力设备,801735.SI,光伏设备,857354.SI,光伏辅材
603218.SH,,,,,,,
603219.SH,,,,,,,
603220.SH,中贝通信,801770.SI,通信,801223.SI,通信服务,852213.SI,通信工程及服务
603222.SH,,,,,,,
603227.SH,雪峰科技,801030.SI,基础化工,801034.SI,化学制品,850337.SI,民爆制品
603229.SH,奥翔药业,801150.SI,医药生物,801151.SI,化学制药,851511.SI,原料药
603235.SH,天新药业,801030.SI,基础化工,801034.SI,化学制品,850135.SI,食品及饲料添加剂
603236.SH,移远通信,801770.SI,通信,801102.SI,通信设备,851026.SI,通信终端及配件
603256.SH,宏和科技,801710.SI,建筑材料,801712.SI,玻璃玻纤,857122.SI,玻纤制造
603258.SH,电魂网络,801760.SI,传媒,801764.SI,游戏Ⅱ,857641.SI,游戏Ⅲ
603262.SH,技源集团,801120.SI,食品饮料,801124.SI,食品加工,851247.SI,保健品
603267.SH,,,,,,,
603279.SH,景津装备,801890.SI,机械设备,801072.SI,通用设备,850716.SI,其他通用设备
603281.SH,,,,,,,
603283.SH,,,,,,,
603297.SH,永新光学,801080.SI,电子,801084.SI,光学光电子,850833.SI,光学元件
603298.SH,,,,,,,
603299.SH,,,,,,,
603300.SH,,,,,,,
603301.SH,振德医疗,801150.SI,医药生物,801153.SI,医疗器械,851533.SI,医疗耗材
603305.SH,旭升集团,801880.SI,汽车,801093.SI,汽车零部件,850923.SI,底盘与发动机系统
603306.SH,华懋科技,801880.SI,汽车,801093.SI,汽车零部件,850922.SI,车身附件及饰件
603308.SH,应流股份,801890.SI,机械设备,801072.SI,通用设备,850751.SI,金属制品
603313.SH,梦百合,801140.SI,轻工制造,801142.SI,家居用品,851437.SI,成品家居
603317.SH,天味食品,801120.SI,食品饮料,801129.SI,调味发酵品Ⅱ,851242.SI,调味发酵品Ⅲ
603323.SH,苏农银行,801780.SI,银行,801785.SI,农商行Ⅱ,857851.SI,农商行Ⅲ
603327.SH,福蓉科技,801080.SI,电子,801085.SI,消费电子,850854.SI,消费电子零部件及组装
603328.SH,,,,,,,
603337.SH,,,,,,,
603338.SH,,,,,,,
603345.SH,,,,,,,
603348.SH,,,,,,,
603355.SH,莱克电气,801110.SI,家用电器,801113.SI,小家电,851132.SI,清洁小家电
603358.SH,,,,,,,
603359.SH,东珠生态,801720.SI,建筑装饰,801723.SI,基础建设,857251.SI,园林工程
603360.SH,,,,,,,
603363.SH,傲农生物,801010.SI,农林牧渔,801014.SI,饲料,850142.SI,畜禽饲料
603368.SH,,,,,,,
603378.SH,,,,,,,
603383.SH,顶点软件,801750.SI,计算机,801104.SI,软件开发,851041.SI,垂直应用软件
603387.SH,基蛋生物,801150.SI,医药生物,801153.SI,医疗器械,851534.SI,体外诊断
603393.SH,新天然气,801160.SI,公用事业,801163.SI,燃气Ⅱ,851631.SI,燃气Ⅲ
603395.SH,,,,,,,
603396.SH,金辰股份,801730.SI,电力设备,801735.SI,光伏设备,857355.SI,光伏加工设备
603398.SH,,,,,,,
603416.SH,,,,,,,
603429.SH,,,,,,,
603439.SH,,,,,,,
603444.SH,,,,,,,
603456.SH,,,,,,,
603466.SH,,,,,,,
603477.SH,,,,,,,
603489.SH,八方股份,801730.SI,电力设备,801731.SI,电机Ⅱ,850741.SI,电机Ⅲ
603496.SH,恒为科技,801750.SI,计算机,801101.SI,计算机设备,850703.SI,其他计算机设备
603505.SH,金石资源,801030.SI,基础化工,801034.SI,化学制品,850382.SI,氟化工
603508.SH,,,,,,,
603511.SH,,,,,,,
603516.SH,淳中科技,801750.SI,计算机,801101.SI,计算机设备,850703.SI,其他计算机设备
603520.SH,司太立,801150.SI,医药生物,801151.SI,化学制药,851511.SI,原料药
603529.SH,,,,,,,
603530.SH,神马电力,801730.SI,电力设备,801738.SI,电网设备,857344.SI,线缆部件及其他
603533.SH,掌阅科技,801760.SI,传媒,801767.SI,数字媒体,857675.SI,文字媒体
603556.SH,,,,,,,
603565.SH,,,,,,,
603566.SH,,,,,,,
603567.SH,珍宝岛,801150.SI,医药生物,801155.SI,中药Ⅱ,851521.SI,中药Ⅲ
603583.SH,捷昌驱动,801890.SI,机械设备,801078.SI,自动化设备,850782.SI,工控设备
603587.SH,地素时尚,801130.SI,纺织服饰,801132.SI,服装家纺,851329.SI,非运动服装
603588.SH,,,,,,,
603595.SH,,,,,,,
603596.SH,伯特利,801880.SI,汽车,801093.SI,汽车零部件,850923.SI,底盘与发动机系统
603599.SH,广信股份,801030.SI,基础化工,801038.SI,农化制品,850333.SI,农药
603601.SH,再升科技,801710.SI,建筑材料,801712.SI,玻璃玻纤,857122.SI,玻纤制造
603606.SH,,,,,,,
603609.SH,,,,,,,
603610.SH,麒盛科技,801140.SI,轻工制造,801142.SI,家居用品,851437.SI,成品家居
603612.SH,索通发展,801030.SI,基础化工,801039.SI,非金属材料Ⅱ,850523.SI,非金属材料Ⅲ
603613.SH,,,,,,,
603619.SH,中曼石油,801960.SI,石油石化,801962.SI,油服工程,859621.SI,油田服务
603626.SH,,,,,,,
603636.SH,,,,,,,
603638.SH,,,,,,,
603662.SH,柯力传感,801890.SI,机械设备,801072.SI,通用设备,850731.SI,仪器仪表
603663.SH,,,,,,,
603666.SH,,,,,,,
603667.SH,五洲新春,801890.SI,机械设备,801072.SI,通用设备,850751.SI,金属制品
603678.SH,,,,,,,
603686.SH,,,,,,,
603688.SH,石英股份,801030.SI,基础化工,801039.SI,非金属材料Ⅱ,850523.SI,非金属材料Ⅲ
603690.SH,,,,,,,
603693.SH,,,,,,,
603698.SH,,,,,,,
603699.SH,纽威股份,801890.SI,机械设备,801072.SI,通用设备,850751.SI,金属制品
603713.SH,密尔克卫,801170.SI,交通运输,801178.SI,物流,851786.SI,仓储物流
603718.SH,海利生物,801010.SI,农林牧渔,801018.SI,动物保健Ⅱ,850181.SI,动物保健Ⅲ
603719.SH,,,,,,,
603728.SH,鸣志电器,801730.SI,电力设备,801731.SI,电机Ⅱ,850741.SI,电机Ⅲ
603730.SH,岱美股份,801880.SI,汽车,801093.SI,汽车零部件,850922.SI,车身附件及饰件
603733.SH,仙鹤股份,801140.SI,轻工制造,801143.SI,造纸,851413.SI,特种纸
603766.SH,,,,,,,
603801.SH,志邦家居,801140.SI,轻工制造,801142.SI,家居用品,851438.SI,定制家居
603809.SH,豪能股份,801880.SI,汽车,801093.SI,汽车零部件,850923.SI,底盘与发动机系统
603826.SH,坤彩科技,801030.SI,基础化工,801039.SI,非金属材料Ⅱ,850523.SI,非金属材料Ⅲ
603866.SH,,,,,,,
603871.SH,嘉友国际,801170.SI,交通运输,801178.SI,物流,851785.SI,跨境物流
603876.SH,鼎胜新材,801050.SI,有色金属,801055.SI,工业金属,850551.SI,铝
603877.SH,,,,,,,
603881.SH,,,,,,,
603883.SH,老百姓,801150.SI,医药生物,801154.SI,医药商业,851543.SI,线下药店
603887.SH,,,,,,,
603888.SH,新华网,801760.SI,传媒,801767.SI,数字媒体,857674.SI,门户网站
603896.SH,寿仙谷,801150.SI,医药生物,801155.SI,中药Ⅱ,851521.SI,中药Ⅲ
603906.SH,,,,,,,
603915.SH,国茂股份,801890.SI,机械设备,801072.SI,通用设备,850751.SI,金属制品
603916.SH,苏博特,801030.SI,基础化工,801034.SI,化学制品,850339.SI,其他化学制品
603919.SH,金徽酒,801120.SI,食品饮料,801125.SI,白酒Ⅱ,851251.SI,白酒Ⅲ
603920.SH,世运电路,801080.SI,电子,801083.SI,元件,850822.SI,印制电路板
603936.SH,,,,,,,
603938.SH,,,,,,,
603959.SH,百利科技,801720.SI,建筑装饰,801724.SI,专业工程,857242.SI,化学工程
603960.SH,,,,,,,
603979.SH,,,,,,,
603983.SH,丸美生物,801980.SI,美容护理,801982.SI,化妆品,859822.SI,品牌化妆品
603985.SH,,,,,,,
603989.SH,艾华集团,801080.SI,电子,801083.SI,元件,850823.SI,被动元件
603995.SH,甬金股份,801040.SI,钢铁,801045.SI,特钢Ⅱ,850412.SI,特钢Ⅲ
603997.SH,继峰股份,801880.SI,汽车,801093.SI,汽车零部件,850922.SI,车身附件及饰件
605007.SH,五洲特纸,801140.SI,轻工制造,801143.SI,造纸,851413.SI,特种纸
605008.SH,长鸿高科,801030.SI,基础化工,801036.SI,塑料,850351.SI,其他塑料制品
605009.SH,,,,,,,
605011.SH,,,,,,,
605020.SH,,,,,,,
605090.SH,,,,,,,
605099.SH,,,,,,,
605111.SH,,,,,,,
605116.SH,,,,,,,
605118.SH,,,,,,,
605123.SH,,,,,,,
605136.SH,,,,,,,
605168.SH,,,,,,,
605198.SH,,,,,,,
605199.SH,,,,,,,
605222.SH,,,,,,,
605296.SH,,,,,,,
605333.SH,,,,,,,
605338.SH,,,,,,,
605339.SH,,,,,,,
605365.SH,,,,,,,
605368.SH,,,,,,,
605369.SH,,,,,,,
605376.SH,,,,,,,
605388.SH,,,,,,,
605507.SH,,,,,,,
605555.SH,,,,,,,
605577.SH,,,,,,,
605589.SH,,,,,,,
605599.SH,,,,,,,
688001.SH,,,,,,,
688003.SH,,,,,,,
688005.SH,,,,,,,
688006.SH,,,,,,,
688007.SH,,,,,,,
688016.SH,心脉医疗,801150.SI,医药生物,801153.SI,医疗器械,851533.SI,医疗耗材
688017.SH,,,,,,,
688018.SH,乐鑫科技,801080.SI,电子,801081.SI,半导体,850814.SI,数字芯片设计
688019.SH,,,,,,,
688020.SH,,,,,,,
688023.SH,安恒信息,801750.SI,计算机,801104.SI,软件开发,851042.SI,横向通用软件
688027.SH,,,,,,,
688029.SH,南微医学,801150.SI,医药生物,801153.SI,医疗器械,851533.SI,医疗耗材
688031.SH,,,,,,,
688032.SH,,,,,,,
688033.SH,天宜新材,801890.SI,机械设备,801076.SI,轨交设备Ⅱ,850936.SI,轨交设备Ⅲ
688037.SH,,,,,,,
688046.SH,,,,,,,
688048.SH,长光华芯,801080.SI,电子,801081.SI,半导体,850812.SI,分立器件
688050.SH,爱博医疗,801150.SI,医药生物,801153.SI,医疗器械,851533.SI,医疗耗材
688055.SH,龙腾光电,801080.SI,电子,801084.SI,光学光电子,850831.SI,面板
688062.SH,迈威生物-U,801150.SI,医药生物,801151.SI,化学制药,851512.SI,化学制剂
688063.SH,,,,,,,
688066.SH,航天宏图,801750.SI,计算机,801103.SI,IT服务Ⅱ,852226.SI,IT服务Ⅲ
688068.SH,热景生物,801150.SI,医药生物,801153.SI,医疗器械,851534.SI,体外诊断
688076.SH,,,,,,,
688083.SH,,,,,,,
688085.SH,,,,,,,
688088.SH,虹软科技,801750.SI,计算机,801103.SI,IT服务Ⅱ,852226.SI,IT服务Ⅲ
688091.SH,,,,,,,
688095.SH,,,,,,,
688097.SH,,,,,,,
688100.SH,,,,,,,
688105.SH,,,,,,,
688106.SH,,,,,,,
688107.SH,,,,,,,
688110.SH,,,,,,,
688116.SH,,,,,,,
688123.SH,聚辰股份,801080.SI,电子,801081.SI,半导体,850814.SI,数字芯片设计
688127.SH,蓝特光学,801080.SI,电子,801084.SI,光学光电子,850833.SI,光学元件
688128.SH,中国电研,801890.SI,机械设备,801074.SI,专用设备,850727.SI,其他专用设备
688131.SH,,,,,,,
688133.SH,,,,,,,
688139.SH,海尔生物,801150.SI,医药生物,801153.SI,医疗器械,851532.SI,医疗设备
688141.SH,杰华特,801080.SI,电子,801081.SI,半导体,850815.SI,模拟芯片设计
688146.SH,,,,,,,
688147.SH,微导纳米,801730.SI,电力设备,801735.SI,光伏设备,857355.SI,光伏加工设备
688148.SH,,,,,,,
688150.SH,莱特光电,801080.SI,电子,801086.SI,电子化学品Ⅱ,850861.SI,电子化学品Ⅲ
688152.SH,,,,,,,
688153.SH,,,,,,,
688158.SH,,,,,,,
688161.SH,,,,,,,
688165.SH,,,,,,,
688166.SH,博瑞医药,801150.SI,医药生物,801151.SI,化学制药,851511.SI,原料药
688167.SH,炬光科技,801080.SI,电子,801081.SI,半导体,850812.SI,分立器件
688173.SH,希荻微,801080.SI,电子,801081.SI,半导体,850815.SI,模拟芯片设计
688177.SH,,,,,,,
688182.SH,,,,,,,
688183.SH,,,,,,,
688185.SH,康希诺,801150.SI,医药生物,801152.SI,生物制品,851523.SI,疫苗
688190.SH,,,,,,,
688192.SH,,,,,,,
688198.SH,佰仁医疗,801150.SI,医药生物,801153.SI,医疗器械,851533.SI,医疗耗材
688200.SH,,,,,,,
688202.SH,美迪西,801150.SI,医药生物,801156.SI,医疗服务,851563.SI,医疗研发外包
688205.SH,,,,,,,
688206.SH,,,,,,,
688208.SH,道通科技,801750.SI,计算机,801101.SI,计算机设备,850703.SI,其他计算机设备
688209.SH,,,,,,,
688213.SH,思特威-W,801080.SI,电子,801081.SI,半导体,850814.SI,数字芯片设计
688222.SH,,,,,,,
688232.SH,,,,,,,
688233.SH,,,,,,,
688235.SH,,,,,,,
688238.SH,和元生物,801150.SI,医药生物,801156.SI,医疗服务,851563.SI,医疗研发外包
688239.SH,,,,,,,
688252.SH,天德钰,801080.SI,电子,801081.SI,半导体,850814.SI,数字芯片设计
688261.SH,,,,,,,
688262.SH,国芯科技,801080.SI,电子,801081.SI,半导体,850814.SI,数字芯片设计
688266.SH,,,,,,,
688268.SH,,,,,,,
688270.SH,,,,,,,
688275.SH,万润新能,801730.SI,电力设备,801737.SI,电池,857372.SI,电池化学品
688276.SH,,,,,,,
688277.SH,天智航-U,801150.SI,医药生物,801153.SI,医疗器械,851532.SI,医疗设备
688278.SH,特宝生物,801150.SI,医药生物,801152.SI,生物制品,851524.SI,其他生物制品
688279.SH,,,,,,,
688289.SH,圣湘生物,801150.SI,医药生物,801153.SI,医疗器械,851534.SI,体外诊断
688298.SH,,,,,,,
688300.SH,联瑞新材,801030.SI,基础化工,801039.SI,非金属材料Ⅱ,850523.SI,非金属材料Ⅲ
688301.SH,奕瑞科技,801150.SI,医药生物,801153.SI,医疗器械,851532.SI,医疗设备
688306.SH,均普智能,801890.SI,机械设备,801078.SI,自动化设备,850784.SI,其他自动化设备
688313.SH,仕佳光子,801770.SI,通信,801102.SI,通信设备,851024.SI,通信网络设备及器件
688315.SH,,,,,,,
688318.SH,,,,,,,
688321.SH,微芯生物,801150.SI,医药生物,801151.SI,化学制药,851512.SI,化学制剂
688322.SH,,,,,,,
688326.SH,,,,,,,
688327.SH,云从科技-UW,801750.SI,计算机,801103.SI,IT服务Ⅱ,852226.SI,IT服务Ⅲ
688330.SH,宏力达,801730.SI,电力设备,801738.SI,电网设备,857321.SI,电网自动化设备
688331.SH,荣昌生物,801150.SI,医药生物,801152.SI,生物制品,851524.SI,其他生物制品
688332.SH,,,,,,,
688333.SH,铂力特,801890.SI,机械设备,801072.SI,通用设备,850716.SI,其他通用设备
688336.SH,三生国健,801150.SI,医药生物,801152.SI,生物制品,851524.SI,其他生物制品
688337.SH,普源精电,801890.SI,机械设备,801072.SI,通用设备,850731.SI,仪器仪表
688339.SH,亿华通-U,801730.SI,电力设备,801737.SI,电池,857374.SI,燃料电池
688343.SH,,,,,,,
688347.SH,,,,,,,
688348.SH,昱能科技,801730.SI,电力设备,801735.SI,光伏设备,857353.SI,逆变器
688351.SH,微电生理,801150.SI,医药生物,801153.SI,医疗器械,851533.SI,医疗耗材
688352.SH,,,,,,,
688356.SH,,,,,,,
688362.SH,甬矽电子,801080.SI,电子,801081.SI,半导体,850817.SI,集成电路封测
688365.SH,,,,,,,
688366.SH,昊海生科,801150.SI,医药生物,801153.SI,医疗器械,851533.SI,医疗耗材
688368.SH,晶丰明源,801080.SI,电子,801081.SI,半导体,850815.SI,模拟芯片设计
688372.SH,,,,,,,
688380.SH,,,,,,,
688381.SH,,,,,,,
688382.SH,益方生物-U,801150.SI,医药生物,801151.SI,化学制药,851512.SI,化学制剂
688383.SH,,,,,,,
688388.SH,嘉元科技,801730.SI,电力设备,801737.SI,电池,857371.SI,锂电池
688389.SH,普门科技,801150.SI,医药生物,801153.SI,医疗器械,851534.SI,体外诊断
688390.SH,固德威,801730.SI,电力设备,801735.SI,光伏设备,857353.SI,逆变器
688392.SH,骄成超声,801730.SI,电力设备,801737.SI,电池,857373.SI,锂电专用设备
688399.SH,硕世生物,801150.SI,医药生物,801153.SI,医疗器械,851534.SI,体外诊断
688400.SH,,,,,,,
688403.SH,,,,,,,
688408.SH,中信博,801730.SI,电力设备,801735.SI,光伏设备,857354.SI,光伏辅材
688409.SH,富创精密,801080.SI,电子,801081.SI,半导体,850818.SI,半导体设备
688425.SH,,,,,,,
688432.SH,有研硅,801080.SI,电子,801081.SI,半导体,850813.SI,半导体材料
688433.SH,,,,,,,
688439.SH,振华风光,801740.SI,国防军工,801745.SI,军工电子Ⅱ,857451.SI,军工电子Ⅲ
688443.SH,,,,,,,
688484.SH,,,,,,,
688486.SH,龙迅股份,801080.SI,电子,801081.SI,半导体,850814.SI,数字芯片设计
688498.SH,源杰科技,801080.SI,电子,801081.SI,半导体,850812.SI,分立器件
688499.SH,,,,,,,
688502.SH,茂莱光学,801080.SI,电子,801084.SI,光学光电子,850833.SI,光学元件
688503.SH,,,,,,,
688505.SH,,,,,,,
688508.SH,芯朋微,801080.SI,电子,801081.SI,半导体,850815.SI,模拟芯片设计
688515.SH,,,,,,,
688516.SH,,,,,,,
688518.SH,,,,,,,
688519.SH,,,,,,,
688520.SH,神州细胞,801150.SI,医药生物,801152.SI,生物制品,851524.SI,其他生物制品
688522.SH,,,,,,,
688523.SH,,,,,,,
688526.SH,,,,,,,
688531.SH,,,,,,,
688536.SH,,,,,,,
688543.SH,,,,,,,
688548.SH,,,,,,,
688549.SH,,,,,,,
688552.SH,,,,,,,
688556.SH,,,,,,,
688559.SH,,,,,,,
688567.SH,孚能科技,801730.SI,电力设备,801737.SI,电池,857371.SI,锂电池
688568.SH,中科星图,801750.SI,计算机,801103.SI,IT服务Ⅱ,852226.SI,IT服务Ⅲ
688575.SH,,,,,,,
688578.SH,,,,,,,
688582.SH,,,,,,,
688584.SH,,,,,,,
688586.SH,江航装备,801740.SI,国防军工,801742.SI,航空装备Ⅱ,857421.SI,航空装备Ⅲ
688591.SH,,,,,,,
688596.SH,,,,,,,
688598.SH,,,,,,,
688608.SH,恒玄科技,801080.SI,电子,801081.SI,半导体,850814.SI,数字芯片设计
688612.SH,,,,,,,
688617.SH,惠泰医疗,801150.SI,医药生物,801153.SI,医疗器械,851533.SI,医疗耗材
688629.SH,,,,,,,
688630.SH,,,,,,,
688631.SH,,,,,,,
688639.SH,,,,,,,
688652.SH,,,,,,,
688658.SH,悦康药业,801150.SI,医药生物,801151.SI,化学制药,851512.SI,化学制剂
688660.SH,,,,,,,
688676.SH,,,,,,,
688680.SH,,,,,,,
688686.SH,,,,,,,
688690.SH,,,,,,,
688696.SH,,,,,,,
688698.SH,,,,,,,
688699.SH,,,,,,,
688700.SH,,,,,,,
688702.SH,,,,,,,
688707.SH,,,,,,,
688709.SH,,,,,,,
688711.SH,,,,,,,
688717.SH,,,,,,,
688726.SH,拉普拉斯,801730.SI,电力设备,801735.SI,光伏设备,857355.SI,光伏加工设备
688733.SH,,,,,,,
688739.SH,,,,,,,
688766.SH,,,,,,,
688776.SH,,,,,,,
688778.SH,,,,,,,
688779.SH,,,,,,,
688788.SH,,,,,,,
688789.SH,,,,,,,
688798.SH,,,,,,,
688800.SH,,,,,,,
